date,product_id,product_name,category,units_sold,price,promotion
2026-03-17,P001,دهن عود كمبودي 6 مل,عود ودهن,4,890.0,0
2026-03-18,P001,دهن عود كمبودي 6 مل,عود ودهن,13,890.0,0
2026-03-19,P001,دهن عود كمبودي 6 مل,عود ودهن,7,890.0,0
2026-03-20,P001,دهن عود كمبودي 6 مل,عود ودهن,13,890.0,0
2026-03-21,P001,دهن عود كمبودي 6 مل,عود ودهن,14,890.0,0
2026-03-22,P001,دهن عود كمبودي 6 مل,عود ودهن,4,890.0,0
2026-03-23,P001,دهن عود كمبودي 6 مل,عود ودهن,10,890.0,0
2026-03-24,P001,دهن عود كمبودي 6 مل,عود ودهن,6,890.0,0
2026-03-25,P001,دهن عود كمبودي 6 مل,عود ودهن,13,890.0,0
2026-03-26,P001,دهن عود كمبودي 6 مل,عود ودهن,11,890.0,0
2026-03-27,P001,دهن عود كمبودي 6 مل,عود ودهن,13,890.0,0
2026-03-28,P001,دهن عود كمبودي 6 مل,عود ودهن,10,890.0,0
2026-03-29,P001,دهن عود كمبودي 6 مل,عود ودهن,9,890.0,0
2026-03-30,P001,دهن عود كمبودي 6 مل,عود ودهن,6,890.0,0
2026-03-31,P001,دهن عود كمبودي 6 مل,عود ودهن,7,890.0,0
2026-04-01,P001,دهن عود كمبودي 6 مل,عود ودهن,11,890.0,0
2026-04-02,P001,دهن عود كمبودي 6 مل,عود ودهن,9,890.0,0
2026-04-03,P001,دهن عود كمبودي 6 مل,عود ودهن,10,890.0,0
2026-04-04,P001,دهن عود كمبودي 6 مل,عود ودهن,5,890.0,0
2026-04-05,P001,دهن عود كمبودي 6 مل,عود ودهن,8,890.0,0
2026-04-06,P001,دهن عود كمبودي 6 مل,عود ودهن,22,890.0,0
2026-04-07,P001,دهن عود كمبودي 6 مل,عود ودهن,6,890.0,0
2026-04-08,P001,دهن عود كمبودي 6 مل,عود ودهن,6,890.0,0
2026-04-09,P001,دهن عود كمبودي 6 مل,عود ودهن,19,890.0,0
2026-04-10,P001,دهن عود كمبودي 6 مل,عود ودهن,9,890.0,0
2026-04-11,P001,دهن عود كمبودي 6 مل,عود ودهن,4,890.0,0
2026-04-12,P001,دهن عود كمبودي 6 مل,عود ودهن,10,890.0,0
2026-04-13,P001,دهن عود كمبودي 6 مل,عود ودهن,6,890.0,0
2026-04-14,P001,دهن عود كمبودي 6 مل,عود ودهن,10,890.0,0
2026-04-15,P001,دهن عود كمبودي 6 مل,عود ودهن,10,890.0,0
2026-04-16,P001,دهن عود كمبودي 6 مل,عود ودهن,6,890.0,0
2026-04-17,P001,دهن عود كمبودي 6 مل,عود ودهن,1,890.0,0
2026-04-18,P001,دهن عود كمبودي 6 مل,عود ودهن,7,890.0,0
2026-04-19,P001,دهن عود كمبودي 6 مل,عود ودهن,11,890.0,0
2026-04-20,P001,دهن عود كمبودي 6 مل,عود ودهن,5,890.0,0
2026-04-21,P001,دهن عود كمبودي 6 مل,عود ودهن,16,890.0,0
2026-04-22,P001,دهن عود كمبودي 6 مل,عود ودهن,8,890.0,0
2026-04-23,P001,دهن عود كمبودي 6 مل,عود ودهن,6,890.0,0
2026-04-24,P001,دهن عود كمبودي 6 مل,عود ودهن,10,890.0,0
2026-04-25,P001,دهن عود كمبودي 6 مل,عود ودهن,9,890.0,0
2026-04-26,P001,دهن عود كمبودي 6 مل,عود ودهن,11,890.0,0
2026-04-27,P001,دهن عود كمبودي 6 مل,عود ودهن,10,890.0,0
2026-04-28,P001,دهن عود كمبودي 6 مل,عود ودهن,9,890.0,0
2026-04-29,P001,دهن عود كمبودي 6 مل,عود ودهن,7,890.0,0
2026-04-30,P001,دهن عود كمبودي 6 مل,عود ودهن,6,890.0,0
2026-05-01,P001,دهن عود كمبودي 6 مل,عود ودهن,6,890.0,0
2026-05-02,P001,دهن عود كمبودي 6 مل,عود ودهن,5,890.0,0
2026-05-03,P001,دهن عود كمبودي 6 مل,عود ودهن,20,890.0,0
2026-05-04,P001,دهن عود كمبودي 6 مل,عود ودهن,3,890.0,0
2026-05-05,P001,دهن عود كمبودي 6 مل,عود ودهن,8,890.0,0
2026-05-06,P001,دهن عود كمبودي 6 مل,عود ودهن,7,890.0,0
2026-05-07,P001,دهن عود كمبودي 6 مل,عود ودهن,11,890.0,0
2026-05-08,P001,دهن عود كمبودي 6 مل,عود ودهن,11,890.0,0
2026-05-09,P001,دهن عود كمبودي 6 مل,عود ودهن,7,890.0,0
2026-05-10,P001,دهن عود كمبودي 6 مل,عود ودهن,8,890.0,0
2026-05-11,P001,دهن عود كمبودي 6 مل,عود ودهن,7,890.0,0
2026-05-12,P001,دهن عود كمبودي 6 مل,عود ودهن,5,890.0,0
2026-05-13,P001,دهن عود كمبودي 6 مل,عود ودهن,4,890.0,0
2026-05-14,P001,دهن عود كمبودي 6 مل,عود ودهن,13,890.0,0
2026-05-15,P001,دهن عود كمبودي 6 مل,عود ودهن,18,890.0,0
2026-05-16,P001,دهن عود كمبودي 6 مل,عود ودهن,17,890.0,0
2026-05-17,P001,دهن عود كمبودي 6 مل,عود ودهن,17,890.0,0
2026-05-18,P001,دهن عود كمبودي 6 مل,عود ودهن,4,890.0,0
2026-05-19,P001,دهن عود كمبودي 6 مل,عود ودهن,10,890.0,0
2026-05-20,P001,دهن عود كمبودي 6 مل,عود ودهن,6,890.0,0
2026-05-21,P001,دهن عود كمبودي 6 مل,عود ودهن,9,890.0,0
2026-05-22,P001,دهن عود كمبودي 6 مل,عود ودهن,8,890.0,0
2026-05-23,P001,دهن عود كمبودي 6 مل,عود ودهن,6,890.0,0
2026-05-24,P001,دهن عود كمبودي 6 مل,عود ودهن,4,890.0,0
2026-05-25,P001,دهن عود كمبودي 6 مل,عود ودهن,13,890.0,0
2026-05-26,P001,دهن عود كمبودي 6 مل,عود ودهن,11,890.0,0
2026-05-27,P001,دهن عود كمبودي 6 مل,عود ودهن,7,890.0,0
2026-05-28,P001,دهن عود كمبودي 6 مل,عود ودهن,9,890.0,0
2026-05-29,P001,دهن عود كمبودي 6 مل,عود ودهن,11,890.0,0
2026-05-30,P001,دهن عود كمبودي 6 مل,عود ودهن,8,890.0,0
2026-05-31,P001,دهن عود كمبودي 6 مل,عود ودهن,9,890.0,0
2026-06-01,P001,دهن عود كمبودي 6 مل,عود ودهن,6,890.0,0
2026-06-02,P001,دهن عود كمبودي 6 مل,عود ودهن,2,890.0,0
2026-06-03,P001,دهن عود كمبودي 6 مل,عود ودهن,2,890.0,0
2026-06-04,P001,دهن عود كمبودي 6 مل,عود ودهن,19,890.0,0
2026-06-05,P001,دهن عود كمبودي 6 مل,عود ودهن,8,890.0,0
2026-06-06,P001,دهن عود كمبودي 6 مل,عود ودهن,15,890.0,0
2026-06-07,P001,دهن عود كمبودي 6 مل,عود ودهن,3,890.0,0
2026-06-08,P001,دهن عود كمبودي 6 مل,عود ودهن,3,890.0,0
2026-06-09,P001,دهن عود كمبودي 6 مل,عود ودهن,8,890.0,0
2026-06-10,P001,دهن عود كمبودي 6 مل,عود ودهن,8,890.0,0
2026-06-11,P001,دهن عود كمبودي 6 مل,عود ودهن,6,890.0,0
2026-06-12,P001,دهن عود كمبودي 6 مل,عود ودهن,8,890.0,0
2026-06-13,P001,دهن عود كمبودي 6 مل,عود ودهن,11,890.0,0
2026-06-14,P001,دهن عود كمبودي 6 مل,عود ودهن,13,890.0,0
2026-06-15,P001,دهن عود كمبودي 6 مل,عود ودهن,10,890.0,0
2026-06-16,P001,دهن عود كمبودي 6 مل,عود ودهن,13,890.0,0
2026-06-17,P001,دهن عود كمبودي 6 مل,عود ودهن,12,890.0,0
2026-06-18,P001,دهن عود كمبودي 6 مل,عود ودهن,17,890.0,0
2026-06-19,P001,دهن عود كمبودي 6 مل,عود ودهن,19,890.0,0
2026-06-20,P001,دهن عود كمبودي 6 مل,عود ودهن,21,890.0,0
2026-06-21,P001,دهن عود كمبودي 6 مل,عود ودهن,14,890.0,0
2026-06-22,P001,دهن عود كمبودي 6 مل,عود ودهن,5,890.0,0
2026-06-23,P001,دهن عود كمبودي 6 مل,عود ودهن,14,890.0,0
2026-06-24,P001,دهن عود كمبودي 6 مل,عود ودهن,7,890.0,0
2026-06-25,P001,دهن عود كمبودي 6 مل,عود ودهن,7,890.0,0
2026-06-26,P001,دهن عود كمبودي 6 مل,عود ودهن,21,890.0,0
2026-06-27,P001,دهن عود كمبودي 6 مل,عود ودهن,10,733.55,1
2026-06-28,P001,دهن عود كمبودي 6 مل,عود ودهن,15,733.55,1
2026-06-29,P001,دهن عود كمبودي 6 مل,عود ودهن,23,733.55,1
2026-06-30,P001,دهن عود كمبودي 6 مل,عود ودهن,15,733.55,1
2026-07-01,P001,دهن عود كمبودي 6 مل,عود ودهن,9,890.0,0
2026-07-02,P001,دهن عود كمبودي 6 مل,عود ودهن,9,890.0,0
2026-07-03,P001,دهن عود كمبودي 6 مل,عود ودهن,43,733.55,1
2026-07-04,P001,دهن عود كمبودي 6 مل,عود ودهن,16,733.55,1
2026-07-05,P001,دهن عود كمبودي 6 مل,عود ودهن,19,733.55,1
2026-07-06,P001,دهن عود كمبودي 6 مل,عود ودهن,15,733.55,1
2026-07-07,P001,دهن عود كمبودي 6 مل,عود ودهن,13,890.0,0
2026-07-08,P001,دهن عود كمبودي 6 مل,عود ودهن,8,890.0,0
2026-07-09,P001,دهن عود كمبودي 6 مل,عود ودهن,16,890.0,0
2026-07-10,P001,دهن عود كمبودي 6 مل,عود ودهن,4,890.0,0
2026-07-11,P001,دهن عود كمبودي 6 مل,عود ودهن,29,890.0,0
2026-07-12,P001,دهن عود كمبودي 6 مل,عود ودهن,9,890.0,0
2026-07-13,P001,دهن عود كمبودي 6 مل,عود ودهن,10,890.0,0
2026-07-14,P001,دهن عود كمبودي 6 مل,عود ودهن,11,733.55,1
2026-07-15,P001,دهن عود كمبودي 6 مل,عود ودهن,11,733.55,1
2026-07-16,P001,دهن عود كمبودي 6 مل,عود ودهن,21,733.55,1
2026-07-17,P001,دهن عود كمبودي 6 مل,عود ودهن,54,733.55,1
2026-07-18,P001,دهن عود كمبودي 6 مل,عود ودهن,14,889.32,0
2026-07-19,P001,دهن عود كمبودي 6 مل,عود ودهن,22,889.32,0
2026-07-20,P001,دهن عود كمبودي 6 مل,عود ودهن,13,889.32,0
2026-07-21,P001,دهن عود كمبودي 6 مل,عود ودهن,11,889.32,0
2026-07-22,P001,دهن عود كمبودي 6 مل,عود ودهن,15,889.32,0
2026-07-23,P001,دهن عود كمبودي 6 مل,عود ودهن,7,889.32,0
2026-07-24,P001,دهن عود كمبودي 6 مل,عود ودهن,11,889.32,0
2026-07-25,P001,دهن عود كمبودي 6 مل,عود ودهن,8,889.32,0
2026-07-26,P001,دهن عود كمبودي 6 مل,عود ودهن,17,889.32,0
2026-07-27,P001,دهن عود كمبودي 6 مل,عود ودهن,16,889.32,0
2026-07-28,P001,دهن عود كمبودي 6 مل,عود ودهن,13,889.32,0
2026-07-29,P001,دهن عود كمبودي 6 مل,عود ودهن,19,889.32,0
2026-07-30,P001,دهن عود كمبودي 6 مل,عود ودهن,17,889.32,0
2026-07-31,P001,دهن عود كمبودي 6 مل,عود ودهن,31,732.99,1
2026-08-01,P001,دهن عود كمبودي 6 مل,عود ودهن,33,732.99,1
2026-08-02,P001,دهن عود كمبودي 6 مل,عود ودهن,30,889.32,0
2026-08-03,P001,دهن عود كمبودي 6 مل,عود ودهن,9,889.32,0
2026-08-04,P001,دهن عود كمبودي 6 مل,عود ودهن,10,889.32,0
2026-08-05,P001,دهن عود كمبودي 6 مل,عود ودهن,17,889.32,0
2026-08-06,P001,دهن عود كمبودي 6 مل,عود ودهن,19,889.32,0
2026-08-07,P001,دهن عود كمبودي 6 مل,عود ودهن,28,889.32,0
2026-08-08,P001,دهن عود كمبودي 6 مل,عود ودهن,15,889.32,0
2026-08-09,P001,دهن عود كمبودي 6 مل,عود ودهن,32,889.32,0
2026-08-10,P001,دهن عود كمبودي 6 مل,عود ودهن,12,889.32,0
2026-08-11,P001,دهن عود كمبودي 6 مل,عود ودهن,8,889.32,0
2026-08-12,P001,دهن عود كمبودي 6 مل,عود ودهن,21,889.32,0
2026-08-13,P001,دهن عود كمبودي 6 مل,عود ودهن,17,889.32,0
2026-08-14,P001,دهن عود كمبودي 6 مل,عود ودهن,17,889.32,0
2026-08-15,P001,دهن عود كمبودي 6 مل,عود ودهن,19,889.32,0
2026-08-16,P001,دهن عود كمبودي 6 مل,عود ودهن,12,889.32,0
2026-08-17,P001,دهن عود كمبودي 6 مل,عود ودهن,9,889.32,0
2026-08-18,P001,دهن عود كمبودي 6 مل,عود ودهن,11,889.32,0
2026-08-19,P001,دهن عود كمبودي 6 مل,عود ودهن,17,732.99,1
2026-08-20,P001,دهن عود كمبودي 6 مل,عود ودهن,21,732.99,1
2026-08-21,P001,دهن عود كمبودي 6 مل,عود ودهن,24,889.32,0
2026-08-22,P001,دهن عود كمبودي 6 مل,عود ودهن,24,889.32,0
2026-08-23,P001,دهن عود كمبودي 6 مل,عود ودهن,6,889.32,0
2026-08-24,P001,دهن عود كمبودي 6 مل,عود ودهن,46,732.99,1
2026-08-25,P001,دهن عود كمبودي 6 مل,عود ودهن,35,732.99,1
2026-08-26,P001,دهن عود كمبودي 6 مل,عود ودهن,31,732.99,1
2026-08-27,P001,دهن عود كمبودي 6 مل,عود ودهن,15,889.32,0
2026-08-28,P001,دهن عود كمبودي 6 مل,عود ودهن,14,889.32,0
2026-08-29,P001,دهن عود كمبودي 6 مل,عود ودهن,35,889.32,0
2026-08-30,P001,دهن عود كمبودي 6 مل,عود ودهن,13,889.32,0
2026-08-31,P001,دهن عود كمبودي 6 مل,عود ودهن,16,889.32,0
2026-09-01,P001,دهن عود كمبودي 6 مل,عود ودهن,6,889.32,0
2026-09-02,P001,دهن عود كمبودي 6 مل,عود ودهن,34,889.32,0
2026-09-03,P001,دهن عود كمبودي 6 مل,عود ودهن,10,889.32,0
2026-09-04,P001,دهن عود كمبودي 6 مل,عود ودهن,18,889.32,0
2026-09-05,P001,دهن عود كمبودي 6 مل,عود ودهن,10,889.32,0
2026-09-06,P001,دهن عود كمبودي 6 مل,عود ودهن,32,889.32,0
2026-09-07,P001,دهن عود كمبودي 6 مل,عود ودهن,17,889.32,0
2026-09-08,P001,دهن عود كمبودي 6 مل,عود ودهن,13,889.32,0
2026-09-09,P001,دهن عود كمبودي 6 مل,عود ودهن,30,889.32,0
2026-09-10,P001,دهن عود كمبودي 6 مل,عود ودهن,19,889.32,0
2026-09-11,P001,دهن عود كمبودي 6 مل,عود ودهن,21,889.32,0
2026-09-12,P001,دهن عود كمبودي 6 مل,عود ودهن,11,889.32,0
2026-03-17,P002,عطر العنبر الملكي 100 مل,عطور فاخرة,13,420.0,0
2026-03-18,P002,عطر العنبر الملكي 100 مل,عطور فاخرة,13,420.0,0
2026-03-19,P002,عطر العنبر الملكي 100 مل,عطور فاخرة,30,420.0,0
2026-03-20,P002,عطر العنبر الملكي 100 مل,عطور فاخرة,23,420.0,0
2026-03-21,P002,عطر العنبر الملكي 100 مل,عطور فاخرة,15,420.0,0
2026-03-22,P002,عطر العنبر الملكي 100 مل,عطور فاخرة,15,420.0,0
2026-03-23,P002,عطر العنبر الملكي 100 مل,عطور فاخرة,12,420.0,0
2026-03-24,P002,عطر العنبر الملكي 100 مل,عطور فاخرة,12,420.0,0
2026-03-25,P002,عطر العنبر الملكي 100 مل,عطور فاخرة,19,420.0,0
2026-03-26,P002,عطر العنبر الملكي 100 مل,عطور فاخرة,16,420.0,0
2026-03-27,P002,عطر العنبر الملكي 100 مل,عطور فاخرة,26,420.0,0
2026-03-28,P002,عطر العنبر الملكي 100 مل,عطور فاخرة,14,420.0,0
2026-03-29,P002,عطر العنبر الملكي 100 مل,عطور فاخرة,7,420.0,0
2026-03-30,P002,عطر العنبر الملكي 100 مل,عطور فاخرة,9,420.0,0
2026-03-31,P002,عطر العنبر الملكي 100 مل,عطور فاخرة,16,420.0,0
2026-04-01,P002,عطر العنبر الملكي 100 مل,عطور فاخرة,18,420.0,0
2026-04-02,P002,عطر العنبر الملكي 100 مل,عطور فاخرة,13,420.0,0
2026-04-03,P002,عطر العنبر الملكي 100 مل,عطور فاخرة,19,420.0,0
2026-04-04,P002,عطر العنبر الملكي 100 مل,عطور فاخرة,16,420.0,0
2026-04-05,P002,عطر العنبر الملكي 100 مل,عطور فاخرة,6,420.0,0
2026-04-06,P002,عطر العنبر الملكي 100 مل,عطور فاخرة,12,420.0,0
2026-04-07,P002,عطر العنبر الملكي 100 مل,عطور فاخرة,12,420.0,0
2026-04-08,P002,عطر العنبر الملكي 100 مل,عطور فاخرة,18,420.0,0
2026-04-09,P002,عطر العنبر الملكي 100 مل,عطور فاخرة,29,420.0,0
2026-04-10,P002,عطر العنبر الملكي 100 مل,عطور فاخرة,23,420.0,0
2026-04-11,P002,عطر العنبر الملكي 100 مل,عطور فاخرة,22,356.93,1
2026-04-12,P002,عطر العنبر الملكي 100 مل,عطور فاخرة,37,356.93,1
2026-04-13,P002,عطر العنبر الملكي 100 مل,عطور فاخرة,41,356.93,1
2026-04-14,P002,عطر العنبر الملكي 100 مل,عطور فاخرة,15,356.93,1
2026-04-15,P002,عطر العنبر الملكي 100 مل,عطور فاخرة,23,420.0,0
2026-04-16,P002,عطر العنبر الملكي 100 مل,عطور فاخرة,19,420.0,0
2026-04-17,P002,عطر العنبر الملكي 100 مل,عطور فاخرة,22,420.0,0
2026-04-18,P002,عطر العنبر الملكي 100 مل,عطور فاخرة,27,420.0,0
2026-04-19,P002,عطر العنبر الملكي 100 مل,عطور فاخرة,20,420.0,0
2026-04-20,P002,عطر العنبر الملكي 100 مل,عطور فاخرة,44,356.93,1
2026-04-21,P002,عطر العنبر الملكي 100 مل,عطور فاخرة,36,356.93,1
2026-04-22,P002,عطر العنبر الملكي 100 مل,عطور فاخرة,14,420.0,0
2026-04-23,P002,عطر العنبر الملكي 100 مل,عطور فاخرة,15,420.0,0
2026-04-24,P002,عطر العنبر الملكي 100 مل,عطور فاخرة,15,420.0,0
2026-04-25,P002,عطر العنبر الملكي 100 مل,عطور فاخرة,21,420.0,0
2026-04-26,P002,عطر العنبر الملكي 100 مل,عطور فاخرة,8,420.0,0
2026-04-27,P002,عطر العنبر الملكي 100 مل,عطور فاخرة,11,420.0,0
2026-04-28,P002,عطر العنبر الملكي 100 مل,عطور فاخرة,11,420.0,0
2026-04-29,P002,عطر العنبر الملكي 100 مل,عطور فاخرة,15,420.0,0
2026-04-30,P002,عطر العنبر الملكي 100 مل,عطور فاخرة,8,420.0,0
2026-05-01,P002,عطر العنبر الملكي 100 مل,عطور فاخرة,23,420.0,0
2026-05-02,P002,عطر العنبر الملكي 100 مل,عطور فاخرة,14,420.0,0
2026-05-03,P002,عطر العنبر الملكي 100 مل,عطور فاخرة,17,420.0,0
2026-05-04,P002,عطر العنبر الملكي 100 مل,عطور فاخرة,11,420.0,0
2026-05-05,P002,عطر العنبر الملكي 100 مل,عطور فاخرة,22,420.0,0
2026-05-06,P002,عطر العنبر الملكي 100 مل,عطور فاخرة,13,420.0,0
2026-05-07,P002,عطر العنبر الملكي 100 مل,عطور فاخرة,16,420.0,0
2026-05-08,P002,عطر العنبر الملكي 100 مل,عطور فاخرة,19,420.0,0
2026-05-09,P002,عطر العنبر الملكي 100 مل,عطور فاخرة,14,420.0,0
2026-05-10,P002,عطر العنبر الملكي 100 مل,عطور فاخرة,28,420.0,0
2026-05-11,P002,عطر العنبر الملكي 100 مل,عطور فاخرة,9,420.0,0
2026-05-12,P002,عطر العنبر الملكي 100 مل,عطور فاخرة,17,420.0,0
2026-05-13,P002,عطر العنبر الملكي 100 مل,عطور فاخرة,10,420.0,0
2026-05-14,P002,عطر العنبر الملكي 100 مل,عطور فاخرة,9,420.0,0
2026-05-15,P002,عطر العنبر الملكي 100 مل,عطور فاخرة,27,420.0,0
2026-05-16,P002,عطر العنبر الملكي 100 مل,عطور فاخرة,15,420.0,0
2026-05-17,P002,عطر العنبر الملكي 100 مل,عطور فاخرة,20,420.0,0
2026-05-18,P002,عطر العنبر الملكي 100 مل,عطور فاخرة,12,356.93,1
2026-05-19,P002,عطر العنبر الملكي 100 مل,عطور فاخرة,29,356.93,1
2026-05-20,P002,عطر العنبر الملكي 100 مل,عطور فاخرة,28,356.93,1
2026-05-21,P002,عطر العنبر الملكي 100 مل,عطور فاخرة,24,420.0,0
2026-05-22,P002,عطر العنبر الملكي 100 مل,عطور فاخرة,21,420.0,0
2026-05-23,P002,عطر العنبر الملكي 100 مل,عطور فاخرة,14,420.0,0
2026-05-24,P002,عطر العنبر الملكي 100 مل,عطور فاخرة,8,420.0,0
2026-05-25,P002,عطر العنبر الملكي 100 مل,عطور فاخرة,14,420.0,0
2026-05-26,P002,عطر العنبر الملكي 100 مل,عطور فاخرة,12,420.0,0
2026-05-27,P002,عطر العنبر الملكي 100 مل,عطور فاخرة,17,420.0,0
2026-05-28,P002,عطر العنبر الملكي 100 مل,عطور فاخرة,16,420.0,0
2026-05-29,P002,عطر العنبر الملكي 100 مل,عطور فاخرة,24,420.0,0
2026-05-30,P002,عطر العنبر الملكي 100 مل,عطور فاخرة,9,420.0,0
2026-05-31,P002,عطر العنبر الملكي 100 مل,عطور فاخرة,7,420.0,0
2026-06-01,P002,عطر العنبر الملكي 100 مل,عطور فاخرة,50,356.93,1
2026-06-02,P002,عطر العنبر الملكي 100 مل,عطور فاخرة,36,356.93,1
2026-06-03,P002,عطر العنبر الملكي 100 مل,عطور فاخرة,22,356.93,1
2026-06-04,P002,عطر العنبر الملكي 100 مل,عطور فاخرة,56,356.93,1
2026-06-05,P002,عطر العنبر الملكي 100 مل,عطور فاخرة,13,420.0,0
2026-06-06,P002,عطر العنبر الملكي 100 مل,عطور فاخرة,26,420.0,0
2026-06-07,P002,عطر العنبر الملكي 100 مل,عطور فاخرة,23,420.0,0
2026-06-08,P002,عطر العنبر الملكي 100 مل,عطور فاخرة,20,420.0,0
2026-06-09,P002,عطر العنبر الملكي 100 مل,عطور فاخرة,16,420.0,0
2026-06-10,P002,عطر العنبر الملكي 100 مل,عطور فاخرة,7,420.0,0
2026-06-11,P002,عطر العنبر الملكي 100 مل,عطور فاخرة,5,420.0,0
2026-06-12,P002,عطر العنبر الملكي 100 مل,عطور فاخرة,13,420.0,0
2026-06-13,P002,عطر العنبر الملكي 100 مل,عطور فاخرة,16,420.0,0
2026-06-14,P002,عطر العنبر الملكي 100 مل,عطور فاخرة,15,420.0,0
2026-06-15,P002,عطر العنبر الملكي 100 مل,عطور فاخرة,17,420.0,0
2026-06-16,P002,عطر العنبر الملكي 100 مل,عطور فاخرة,13,420.0,0
2026-06-17,P002,عطر العنبر الملكي 100 مل,عطور فاخرة,19,420.0,0
2026-06-18,P002,عطر العنبر الملكي 100 مل,عطور فاخرة,25,420.0,0
2026-06-19,P002,عطر العنبر الملكي 100 مل,عطور فاخرة,19,420.0,0
2026-06-20,P002,عطر العنبر الملكي 100 مل,عطور فاخرة,21,420.0,0
2026-06-21,P002,عطر العنبر الملكي 100 مل,عطور فاخرة,21,420.0,0
2026-06-22,P002,عطر العنبر الملكي 100 مل,عطور فاخرة,10,420.0,0
2026-06-23,P002,عطر العنبر الملكي 100 مل,عطور فاخرة,16,420.0,0
2026-06-24,P002,عطر العنبر الملكي 100 مل,عطور فاخرة,10,420.0,0
2026-06-25,P002,عطر العنبر الملكي 100 مل,عطور فاخرة,12,420.0,0
2026-06-26,P002,عطر العنبر الملكي 100 مل,عطور فاخرة,8,420.0,0
2026-06-27,P002,عطر العنبر الملكي 100 مل,عطور فاخرة,30,420.0,0
2026-06-28,P002,عطر العنبر الملكي 100 مل,عطور فاخرة,17,420.0,0
2026-06-29,P002,عطر العنبر الملكي 100 مل,عطور فاخرة,12,420.0,0
2026-06-30,P002,عطر العنبر الملكي 100 مل,عطور فاخرة,16,420.0,0
2026-07-01,P002,عطر العنبر الملكي 100 مل,عطور فاخرة,18,420.0,0
2026-07-02,P002,عطر العنبر الملكي 100 مل,عطور فاخرة,15,420.0,0
2026-07-03,P002,عطر العنبر الملكي 100 مل,عطور فاخرة,21,420.0,0
2026-07-04,P002,عطر العنبر الملكي 100 مل,عطور فاخرة,59,356.93,1
2026-07-05,P002,عطر العنبر الملكي 100 مل,عطور فاخرة,51,356.93,1
2026-07-06,P002,عطر العنبر الملكي 100 مل,عطور فاخرة,36,356.93,1
2026-07-07,P002,عطر العنبر الملكي 100 مل,عطور فاخرة,25,356.93,1
2026-07-08,P002,عطر العنبر الملكي 100 مل,عطور فاخرة,13,420.0,0
2026-07-09,P002,عطر العنبر الملكي 100 مل,عطور فاخرة,18,420.0,0
2026-07-10,P002,عطر العنبر الملكي 100 مل,عطور فاخرة,18,420.0,0
2026-07-11,P002,عطر العنبر الملكي 100 مل,عطور فاخرة,27,420.0,0
2026-07-12,P002,عطر العنبر الملكي 100 مل,عطور فاخرة,20,420.0,0
2026-07-13,P002,عطر العنبر الملكي 100 مل,عطور فاخرة,29,420.0,0
2026-07-14,P002,عطر العنبر الملكي 100 مل,عطور فاخرة,21,420.0,0
2026-07-15,P002,عطر العنبر الملكي 100 مل,عطور فاخرة,5,420.0,0
2026-07-16,P002,عطر العنبر الملكي 100 مل,عطور فاخرة,34,420.0,0
2026-07-17,P002,عطر العنبر الملكي 100 مل,عطور فاخرة,28,457.1,0
2026-07-18,P002,عطر العنبر الملكي 100 مل,عطور فاخرة,12,457.1,0
2026-07-19,P002,عطر العنبر الملكي 100 مل,عطور فاخرة,13,457.1,0
2026-07-20,P002,عطر العنبر الملكي 100 مل,عطور فاخرة,10,457.1,0
2026-07-21,P002,عطر العنبر الملكي 100 مل,عطور فاخرة,13,457.1,0
2026-07-22,P002,عطر العنبر الملكي 100 مل,عطور فاخرة,16,457.1,0
2026-07-23,P002,عطر العنبر الملكي 100 مل,عطور فاخرة,19,457.1,0
2026-07-24,P002,عطر العنبر الملكي 100 مل,عطور فاخرة,20,457.1,0
2026-07-25,P002,عطر العنبر الملكي 100 مل,عطور فاخرة,30,457.1,0
2026-07-26,P002,عطر العنبر الملكي 100 مل,عطور فاخرة,9,457.1,0
2026-07-27,P002,عطر العنبر الملكي 100 مل,عطور فاخرة,27,457.1,0
2026-07-28,P002,عطر العنبر الملكي 100 مل,عطور فاخرة,20,457.1,0
2026-07-29,P002,عطر العنبر الملكي 100 مل,عطور فاخرة,14,457.1,0
2026-07-30,P002,عطر العنبر الملكي 100 مل,عطور فاخرة,18,457.1,0
2026-07-31,P002,عطر العنبر الملكي 100 مل,عطور فاخرة,43,457.1,0
2026-08-01,P002,عطر العنبر الملكي 100 مل,عطور فاخرة,20,457.1,0
2026-08-02,P002,عطر العنبر الملكي 100 مل,عطور فاخرة,15,457.1,0
2026-08-03,P002,عطر العنبر الملكي 100 مل,عطور فاخرة,18,457.1,0
2026-08-04,P002,عطر العنبر الملكي 100 مل,عطور فاخرة,13,457.1,0
2026-08-05,P002,عطر العنبر الملكي 100 مل,عطور فاخرة,13,457.1,0
2026-08-06,P002,عطر العنبر الملكي 100 مل,عطور فاخرة,20,457.1,0
2026-08-07,P002,عطر العنبر الملكي 100 مل,عطور فاخرة,17,457.1,0
2026-08-08,P002,عطر العنبر الملكي 100 مل,عطور فاخرة,35,388.46,1
2026-08-09,P002,عطر العنبر الملكي 100 مل,عطور فاخرة,79,388.46,1
2026-08-10,P002,عطر العنبر الملكي 100 مل,عطور فاخرة,63,388.46,1
2026-08-11,P002,عطر العنبر الملكي 100 مل,عطور فاخرة,24,388.46,1
2026-08-12,P002,عطر العنبر الملكي 100 مل,عطور فاخرة,26,457.1,0
2026-08-13,P002,عطر العنبر الملكي 100 مل,عطور فاخرة,20,457.1,0
2026-08-14,P002,عطر العنبر الملكي 100 مل,عطور فاخرة,31,457.1,0
2026-08-15,P002,عطر العنبر الملكي 100 مل,عطور فاخرة,39,457.1,0
2026-08-16,P002,عطر العنبر الملكي 100 مل,عطور فاخرة,41,457.1,0
2026-08-17,P002,عطر العنبر الملكي 100 مل,عطور فاخرة,35,388.46,1
2026-08-18,P002,عطر العنبر الملكي 100 مل,عطور فاخرة,49,388.46,1
2026-08-19,P002,عطر العنبر الملكي 100 مل,عطور فاخرة,43,388.46,1
2026-08-20,P002,عطر العنبر الملكي 100 مل,عطور فاخرة,12,457.1,0
2026-08-21,P002,عطر العنبر الملكي 100 مل,عطور فاخرة,36,457.1,0
2026-08-22,P002,عطر العنبر الملكي 100 مل,عطور فاخرة,33,457.1,0
2026-08-23,P002,عطر العنبر الملكي 100 مل,عطور فاخرة,28,457.1,0
2026-08-24,P002,عطر العنبر الملكي 100 مل,عطور فاخرة,39,457.1,0
2026-08-25,P002,عطر العنبر الملكي 100 مل,عطور فاخرة,11,457.1,0
2026-08-26,P002,عطر العنبر الملكي 100 مل,عطور فاخرة,16,457.1,0
2026-08-27,P002,عطر العنبر الملكي 100 مل,عطور فاخرة,26,457.1,0
2026-08-28,P002,عطر العنبر الملكي 100 مل,عطور فاخرة,12,457.1,0
2026-08-29,P002,عطر العنبر الملكي 100 مل,عطور فاخرة,31,457.1,0
2026-08-30,P002,عطر العنبر الملكي 100 مل,عطور فاخرة,11,457.1,0
2026-08-31,P002,عطر العنبر الملكي 100 مل,عطور فاخرة,22,457.1,0
2026-09-01,P002,عطر العنبر الملكي 100 مل,عطور فاخرة,15,457.1,0
2026-09-02,P002,عطر العنبر الملكي 100 مل,عطور فاخرة,16,457.1,0
2026-09-03,P002,عطر العنبر الملكي 100 مل,عطور فاخرة,23,457.1,0
2026-09-04,P002,عطر العنبر الملكي 100 مل,عطور فاخرة,28,457.1,0
2026-09-05,P002,عطر العنبر الملكي 100 مل,عطور فاخرة,21,457.1,0
2026-09-06,P002,عطر العنبر الملكي 100 مل,عطور فاخرة,26,457.1,0
2026-09-07,P002,عطر العنبر الملكي 100 مل,عطور فاخرة,8,457.1,0
2026-09-08,P002,عطر العنبر الملكي 100 مل,عطور فاخرة,12,457.1,0
2026-09-09,P002,عطر العنبر الملكي 100 مل,عطور فاخرة,13,457.1,0
2026-09-10,P002,عطر العنبر الملكي 100 مل,عطور فاخرة,27,457.1,0
2026-09-11,P002,عطر العنبر الملكي 100 مل,عطور فاخرة,25,457.1,0
2026-09-12,P002,عطر العنبر الملكي 100 مل,عطور فاخرة,26,457.1,0
2026-03-17,P003,مسك أبيض رول أون 10 مل,مسك,13,45.0,0
2026-03-18,P003,مسك أبيض رول أون 10 مل,مسك,31,45.0,0
2026-03-19,P003,مسك أبيض رول أون 10 مل,مسك,18,45.0,0
2026-03-20,P003,مسك أبيض رول أون 10 مل,مسك,26,45.0,0
2026-03-21,P003,مسك أبيض رول أون 10 مل,مسك,16,45.0,0
2026-03-22,P003,مسك أبيض رول أون 10 مل,مسك,37,45.0,0
2026-03-23,P003,مسك أبيض رول أون 10 مل,مسك,32,38.75,1
2026-03-24,P003,مسك أبيض رول أون 10 مل,مسك,54,38.75,1
2026-03-25,P003,مسك أبيض رول أون 10 مل,مسك,60,38.75,1
2026-03-26,P003,مسك أبيض رول أون 10 مل,مسك,59,38.75,1
2026-03-27,P003,مسك أبيض رول أون 10 مل,مسك,25,45.0,0
2026-03-28,P003,مسك أبيض رول أون 10 مل,مسك,29,45.0,0
2026-03-29,P003,مسك أبيض رول أون 10 مل,مسك,36,45.0,0
2026-03-30,P003,مسك أبيض رول أون 10 مل,مسك,13,45.0,0
2026-03-31,P003,مسك أبيض رول أون 10 مل,مسك,21,45.0,0
2026-04-01,P003,مسك أبيض رول أون 10 مل,مسك,29,45.0,0
2026-04-02,P003,مسك أبيض رول أون 10 مل,مسك,38,45.0,0
2026-04-03,P003,مسك أبيض رول أون 10 مل,مسك,30,45.0,0
2026-04-04,P003,مسك أبيض رول أون 10 مل,مسك,50,38.75,1
2026-04-05,P003,مسك أبيض رول أون 10 مل,مسك,43,38.75,1
2026-04-06,P003,مسك أبيض رول أون 10 مل,مسك,31,38.75,1
2026-04-07,P003,مسك أبيض رول أون 10 مل,مسك,42,38.75,1
2026-04-08,P003,مسك أبيض رول أون 10 مل,مسك,16,45.0,0
2026-04-09,P003,مسك أبيض رول أون 10 مل,مسك,16,45.0,0
2026-04-10,P003,مسك أبيض رول أون 10 مل,مسك,33,45.0,0
2026-04-11,P003,مسك أبيض رول أون 10 مل,مسك,20,45.0,0
2026-04-12,P003,مسك أبيض رول أون 10 مل,مسك,44,45.0,0
2026-04-13,P003,مسك أبيض رول أون 10 مل,مسك,18,45.0,0
2026-04-14,P003,مسك أبيض رول أون 10 مل,مسك,33,45.0,0
2026-04-15,P003,مسك أبيض رول أون 10 مل,مسك,20,45.0,0
2026-04-16,P003,مسك أبيض رول أون 10 مل,مسك,39,45.0,0
2026-04-17,P003,مسك أبيض رول أون 10 مل,مسك,35,45.0,0
2026-04-18,P003,مسك أبيض رول أون 10 مل,مسك,21,45.0,0
2026-04-19,P003,مسك أبيض رول أون 10 مل,مسك,35,45.0,0
2026-04-20,P003,مسك أبيض رول أون 10 مل,مسك,21,45.0,0
2026-04-21,P003,مسك أبيض رول أون 10 مل,مسك,20,45.0,0
2026-04-22,P003,مسك أبيض رول أون 10 مل,مسك,31,45.0,0
2026-04-23,P003,مسك أبيض رول أون 10 مل,مسك,70,45.0,0
2026-04-24,P003,مسك أبيض رول أون 10 مل,مسك,18,45.0,0
2026-04-25,P003,مسك أبيض رول أون 10 مل,مسك,12,45.0,0
2026-04-26,P003,مسك أبيض رول أون 10 مل,مسك,35,45.0,0
2026-04-27,P003,مسك أبيض رول أون 10 مل,مسك,19,45.0,0
2026-04-28,P003,مسك أبيض رول أون 10 مل,مسك,22,45.0,0
2026-04-29,P003,مسك أبيض رول أون 10 مل,مسك,82,38.75,1
2026-04-30,P003,مسك أبيض رول أون 10 مل,مسك,46,38.75,1
2026-05-01,P003,مسك أبيض رول أون 10 مل,مسك,92,38.75,1
2026-05-02,P003,مسك أبيض رول أون 10 مل,مسك,59,38.75,1
2026-05-03,P003,مسك أبيض رول أون 10 مل,مسك,30,45.0,0
2026-05-04,P003,مسك أبيض رول أون 10 مل,مسك,23,45.0,0
2026-05-05,P003,مسك أبيض رول أون 10 مل,مسك,50,38.75,1
2026-05-06,P003,مسك أبيض رول أون 10 مل,مسك,66,38.75,1
2026-05-07,P003,مسك أبيض رول أون 10 مل,مسك,56,38.75,1
2026-05-08,P003,مسك أبيض رول أون 10 مل,مسك,72,38.75,1
2026-05-09,P003,مسك أبيض رول أون 10 مل,مسك,38,45.0,0
2026-05-10,P003,مسك أبيض رول أون 10 مل,مسك,31,45.0,0
2026-05-11,P003,مسك أبيض رول أون 10 مل,مسك,33,45.0,0
2026-05-12,P003,مسك أبيض رول أون 10 مل,مسك,34,45.0,0
2026-05-13,P003,مسك أبيض رول أون 10 مل,مسك,34,38.75,1
2026-05-14,P003,مسك أبيض رول أون 10 مل,مسك,44,38.75,1
2026-05-15,P003,مسك أبيض رول أون 10 مل,مسك,20,45.0,0
2026-05-16,P003,مسك أبيض رول أون 10 مل,مسك,32,45.0,0
2026-05-17,P003,مسك أبيض رول أون 10 مل,مسك,27,45.0,0
2026-05-18,P003,مسك أبيض رول أون 10 مل,مسك,26,45.0,0
2026-05-19,P003,مسك أبيض رول أون 10 مل,مسك,34,45.0,0
2026-05-20,P003,مسك أبيض رول أون 10 مل,مسك,32,45.0,0
2026-05-21,P003,مسك أبيض رول أون 10 مل,مسك,32,45.0,0
2026-05-22,P003,مسك أبيض رول أون 10 مل,مسك,28,45.0,0
2026-05-23,P003,مسك أبيض رول أون 10 مل,مسك,27,45.0,0
2026-05-24,P003,مسك أبيض رول أون 10 مل,مسك,36,45.0,0
2026-05-25,P003,مسك أبيض رول أون 10 مل,مسك,25,45.0,0
2026-05-26,P003,مسك أبيض رول أون 10 مل,مسك,38,45.0,0
2026-05-27,P003,مسك أبيض رول أون 10 مل,مسك,29,45.0,0
2026-05-28,P003,مسك أبيض رول أون 10 مل,مسك,47,45.0,0
2026-05-29,P003,مسك أبيض رول أون 10 مل,مسك,24,45.0,0
2026-05-30,P003,مسك أبيض رول أون 10 مل,مسك,31,45.0,0
2026-05-31,P003,مسك أبيض رول أون 10 مل,مسك,36,45.0,0
2026-06-01,P003,مسك أبيض رول أون 10 مل,مسك,24,45.0,0
2026-06-02,P003,مسك أبيض رول أون 10 مل,مسك,50,45.0,0
2026-06-03,P003,مسك أبيض رول أون 10 مل,مسك,29,45.0,0
2026-06-04,P003,مسك أبيض رول أون 10 مل,مسك,52,45.0,0
2026-06-05,P003,مسك أبيض رول أون 10 مل,مسك,45,45.0,0
2026-06-06,P003,مسك أبيض رول أون 10 مل,مسك,43,45.0,0
2026-06-07,P003,مسك أبيض رول أون 10 مل,مسك,42,45.0,0
2026-06-08,P003,مسك أبيض رول أون 10 مل,مسك,33,45.0,0
2026-06-09,P003,مسك أبيض رول أون 10 مل,مسك,29,45.0,0
2026-06-10,P003,مسك أبيض رول أون 10 مل,مسك,31,45.0,0
2026-06-11,P003,مسك أبيض رول أون 10 مل,مسك,21,45.0,0
2026-06-12,P003,مسك أبيض رول أون 10 مل,مسك,45,45.0,0
2026-06-13,P003,مسك أبيض رول أون 10 مل,مسك,55,45.0,0
2026-06-14,P003,مسك أبيض رول أون 10 مل,مسك,30,45.0,0
2026-06-15,P003,مسك أبيض رول أون 10 مل,مسك,41,45.0,0
2026-06-16,P003,مسك أبيض رول أون 10 مل,مسك,37,45.0,0
2026-06-17,P003,مسك أبيض رول أون 10 مل,مسك,26,45.0,0
2026-06-18,P003,مسك أبيض رول أون 10 مل,مسك,27,45.0,0
2026-06-19,P003,مسك أبيض رول أون 10 مل,مسك,17,45.0,0
2026-06-20,P003,مسك أبيض رول أون 10 مل,مسك,52,45.0,0
2026-06-21,P003,مسك أبيض رول أون 10 مل,مسك,39,45.0,0
2026-06-22,P003,مسك أبيض رول أون 10 مل,مسك,69,38.75,1
2026-06-23,P003,مسك أبيض رول أون 10 مل,مسك,46,38.75,1
2026-06-24,P003,مسك أبيض رول أون 10 مل,مسك,28,45.0,0
2026-06-25,P003,مسك أبيض رول أون 10 مل,مسك,42,45.0,0
2026-06-26,P003,مسك أبيض رول أون 10 مل,مسك,40,45.0,0
2026-06-27,P003,مسك أبيض رول أون 10 مل,مسك,54,49.39,0
2026-06-28,P003,مسك أبيض رول أون 10 مل,مسك,63,49.39,0
2026-06-29,P003,مسك أبيض رول أون 10 مل,مسك,34,49.39,0
2026-06-30,P003,مسك أبيض رول أون 10 مل,مسك,42,49.39,0
2026-07-01,P003,مسك أبيض رول أون 10 مل,مسك,39,49.39,0
2026-07-02,P003,مسك أبيض رول أون 10 مل,مسك,46,49.39,0
2026-07-03,P003,مسك أبيض رول أون 10 مل,مسك,43,49.39,0
2026-07-04,P003,مسك أبيض رول أون 10 مل,مسك,22,49.39,0
2026-07-05,P003,مسك أبيض رول أون 10 مل,مسك,73,42.53,1
2026-07-06,P003,مسك أبيض رول أون 10 مل,مسك,56,42.53,1
2026-07-07,P003,مسك أبيض رول أون 10 مل,مسك,116,42.53,1
2026-07-08,P003,مسك أبيض رول أون 10 مل,مسك,24,49.39,0
2026-07-09,P003,مسك أبيض رول أون 10 مل,مسك,42,49.39,0
2026-07-10,P003,مسك أبيض رول أون 10 مل,مسك,76,49.39,0
2026-07-11,P003,مسك أبيض رول أون 10 مل,مسك,20,49.39,0
2026-07-12,P003,مسك أبيض رول أون 10 مل,مسك,35,49.39,0
2026-07-13,P003,مسك أبيض رول أون 10 مل,مسك,23,49.39,0
2026-07-14,P003,مسك أبيض رول أون 10 مل,مسك,46,49.39,0
2026-07-15,P003,مسك أبيض رول أون 10 مل,مسك,109,42.53,1
2026-07-16,P003,مسك أبيض رول أون 10 مل,مسك,79,42.53,1
2026-07-17,P003,مسك أبيض رول أون 10 مل,مسك,80,42.53,1
2026-07-18,P003,مسك أبيض رول أون 10 مل,مسك,50,49.39,0
2026-07-19,P003,مسك أبيض رول أون 10 مل,مسك,16,49.39,0
2026-07-20,P003,مسك أبيض رول أون 10 مل,مسك,34,49.39,0
2026-07-21,P003,مسك أبيض رول أون 10 مل,مسك,35,49.39,0
2026-07-22,P003,مسك أبيض رول أون 10 مل,مسك,25,49.39,0
2026-07-23,P003,مسك أبيض رول أون 10 مل,مسك,46,49.39,0
2026-07-24,P003,مسك أبيض رول أون 10 مل,مسك,61,49.39,0
2026-07-25,P003,مسك أبيض رول أون 10 مل,مسك,44,49.39,0
2026-07-26,P003,مسك أبيض رول أون 10 مل,مسك,40,49.39,0
2026-07-27,P003,مسك أبيض رول أون 10 مل,مسك,27,49.39,0
2026-07-28,P003,مسك أبيض رول أون 10 مل,مسك,38,49.39,0
2026-07-29,P003,مسك أبيض رول أون 10 مل,مسك,22,49.39,0
2026-07-30,P003,مسك أبيض رول أون 10 مل,مسك,33,49.39,0
2026-07-31,P003,مسك أبيض رول أون 10 مل,مسك,35,49.39,0
2026-08-01,P003,مسك أبيض رول أون 10 مل,مسك,50,49.39,0
2026-08-02,P003,مسك أبيض رول أون 10 مل,مسك,33,49.39,0
2026-08-03,P003,مسك أبيض رول أون 10 مل,مسك,30,49.39,0
2026-08-04,P003,مسك أبيض رول أون 10 مل,مسك,37,49.39,0
2026-08-05,P003,مسك أبيض رول أون 10 مل,مسك,49,42.53,1
2026-08-06,P003,مسك أبيض رول أون 10 مل,مسك,52,42.53,1
2026-08-07,P003,مسك أبيض رول أون 10 مل,مسك,112,42.53,1
2026-08-08,P003,مسك أبيض رول أون 10 مل,مسك,49,49.39,0
2026-08-09,P003,مسك أبيض رول أون 10 مل,مسك,48,49.39,0
2026-08-10,P003,مسك أبيض رول أون 10 مل,مسك,43,49.39,0
2026-08-11,P003,مسك أبيض رول أون 10 مل,مسك,20,49.39,0
2026-08-12,P003,مسك أبيض رول أون 10 مل,مسك,54,49.39,0
2026-08-13,P003,مسك أبيض رول أون 10 مل,مسك,37,49.39,0
2026-08-14,P003,مسك أبيض رول أون 10 مل,مسك,61,49.39,0
2026-08-15,P003,مسك أبيض رول أون 10 مل,مسك,51,49.39,0
2026-08-16,P003,مسك أبيض رول أون 10 مل,مسك,61,49.39,0
2026-08-17,P003,مسك أبيض رول أون 10 مل,مسك,37,49.39,0
2026-08-18,P003,مسك أبيض رول أون 10 مل,مسك,27,49.39,0
2026-08-19,P003,مسك أبيض رول أون 10 مل,مسك,42,49.39,0
2026-08-20,P003,مسك أبيض رول أون 10 مل,مسك,61,49.39,0
2026-08-21,P003,مسك أبيض رول أون 10 مل,مسك,41,49.39,0
2026-08-22,P003,مسك أبيض رول أون 10 مل,مسك,31,49.39,0
2026-08-23,P003,مسك أبيض رول أون 10 مل,مسك,30,49.39,0
2026-08-24,P003,مسك أبيض رول أون 10 مل,مسك,16,49.39,0
2026-08-25,P003,مسك أبيض رول أون 10 مل,مسك,36,49.39,0
2026-08-26,P003,مسك أبيض رول أون 10 مل,مسك,25,49.39,0
2026-08-27,P003,مسك أبيض رول أون 10 مل,مسك,42,49.39,0
2026-08-28,P003,مسك أبيض رول أون 10 مل,مسك,38,49.39,0
2026-08-29,P003,مسك أبيض رول أون 10 مل,مسك,60,49.39,0
2026-08-30,P003,مسك أبيض رول أون 10 مل,مسك,36,49.39,0
2026-08-31,P003,مسك أبيض رول أون 10 مل,مسك,47,49.39,0
2026-09-01,P003,مسك أبيض رول أون 10 مل,مسك,52,49.39,0
2026-09-02,P003,مسك أبيض رول أون 10 مل,مسك,22,49.39,0
2026-09-03,P003,مسك أبيض رول أون 10 مل,مسك,34,49.39,0
2026-09-04,P003,مسك أبيض رول أون 10 مل,مسك,44,49.39,0
2026-09-05,P003,مسك أبيض رول أون 10 مل,مسك,43,49.39,0
2026-09-06,P003,مسك أبيض رول أون 10 مل,مسك,37,49.39,0
2026-09-07,P003,مسك أبيض رول أون 10 مل,مسك,32,49.39,0
2026-09-08,P003,مسك أبيض رول أون 10 مل,مسك,24,49.39,0
2026-09-09,P003,مسك أبيض رول أون 10 مل,مسك,32,49.39,0
2026-09-10,P003,مسك أبيض رول أون 10 مل,مسك,59,49.39,0
2026-09-11,P003,مسك أبيض رول أون 10 مل,مسك,34,49.39,0
2026-09-12,P003,مسك أبيض رول أون 10 مل,مسك,20,49.39,0
2026-03-17,P004,عطر الورد الطائفي 50 مل,عطور نسائية,7,310.0,0
2026-03-18,P004,عطر الورد الطائفي 50 مل,عطور نسائية,10,310.0,0
2026-03-19,P004,عطر الورد الطائفي 50 مل,عطور نسائية,15,310.0,0
2026-03-20,P004,عطر الورد الطائفي 50 مل,عطور نسائية,25,310.0,0
2026-03-21,P004,عطر الورد الطائفي 50 مل,عطور نسائية,30,310.0,0
2026-03-22,P004,عطر الورد الطائفي 50 مل,عطور نسائية,22,310.0,0
2026-03-23,P004,عطر الورد الطائفي 50 مل,عطور نسائية,3,310.0,0
2026-03-24,P004,عطر الورد الطائفي 50 مل,عطور نسائية,31,249.37,1
2026-03-25,P004,عطر الورد الطائفي 50 مل,عطور نسائية,15,249.37,1
2026-03-26,P004,عطر الورد الطائفي 50 مل,عطور نسائية,39,249.37,1
2026-03-27,P004,عطر الورد الطائفي 50 مل,عطور نسائية,13,249.37,1
2026-03-28,P004,عطر الورد الطائفي 50 مل,عطور نسائية,29,249.37,1
2026-03-29,P004,عطر الورد الطائفي 50 مل,عطور نسائية,33,249.37,1
2026-03-30,P004,عطر الورد الطائفي 50 مل,عطور نسائية,30,249.37,1
2026-03-31,P004,عطر الورد الطائفي 50 مل,عطور نسائية,27,249.37,1
2026-04-01,P004,عطر الورد الطائفي 50 مل,عطور نسائية,18,310.0,0
2026-04-02,P004,عطر الورد الطائفي 50 مل,عطور نسائية,10,310.0,0
2026-04-03,P004,عطر الورد الطائفي 50 مل,عطور نسائية,20,310.0,0
2026-04-04,P004,عطر الورد الطائفي 50 مل,عطور نسائية,21,310.0,0
2026-04-05,P004,عطر الورد الطائفي 50 مل,عطور نسائية,12,310.0,0
2026-04-06,P004,عطر الورد الطائفي 50 مل,عطور نسائية,16,310.0,0
2026-04-07,P004,عطر الورد الطائفي 50 مل,عطور نسائية,25,310.0,0
2026-04-08,P004,عطر الورد الطائفي 50 مل,عطور نسائية,13,310.0,0
2026-04-09,P004,عطر الورد الطائفي 50 مل,عطور نسائية,9,310.0,0
2026-04-10,P004,عطر الورد الطائفي 50 مل,عطور نسائية,21,310.0,0
2026-04-11,P004,عطر الورد الطائفي 50 مل,عطور نسائية,11,310.0,0
2026-04-12,P004,عطر الورد الطائفي 50 مل,عطور نسائية,9,310.0,0
2026-04-13,P004,عطر الورد الطائفي 50 مل,عطور نسائية,8,310.0,0
2026-04-14,P004,عطر الورد الطائفي 50 مل,عطور نسائية,9,310.0,0
2026-04-15,P004,عطر الورد الطائفي 50 مل,عطور نسائية,22,310.0,0
2026-04-16,P004,عطر الورد الطائفي 50 مل,عطور نسائية,13,310.0,0
2026-04-17,P004,عطر الورد الطائفي 50 مل,عطور نسائية,13,310.0,0
2026-04-18,P004,عطر الورد الطائفي 50 مل,عطور نسائية,16,310.0,0
2026-04-19,P004,عطر الورد الطائفي 50 مل,عطور نسائية,20,310.0,0
2026-04-20,P004,عطر الورد الطائفي 50 مل,عطور نسائية,17,310.0,0
2026-04-21,P004,عطر الورد الطائفي 50 مل,عطور نسائية,14,310.0,0
2026-04-22,P004,عطر الورد الطائفي 50 مل,عطور نسائية,22,310.0,0
2026-04-23,P004,عطر الورد الطائفي 50 مل,عطور نسائية,7,310.0,0
2026-04-24,P004,عطر الورد الطائفي 50 مل,عطور نسائية,15,310.0,0
2026-04-25,P004,عطر الورد الطائفي 50 مل,عطور نسائية,19,310.0,0
2026-04-26,P004,عطر الورد الطائفي 50 مل,عطور نسائية,8,310.0,0
2026-04-27,P004,عطر الورد الطائفي 50 مل,عطور نسائية,15,310.0,0
2026-04-28,P004,عطر الورد الطائفي 50 مل,عطور نسائية,14,249.37,1
2026-04-29,P004,عطر الورد الطائفي 50 مل,عطور نسائية,19,249.37,1
2026-04-30,P004,عطر الورد الطائفي 50 مل,عطور نسائية,32,249.37,1
2026-05-01,P004,عطر الورد الطائفي 50 مل,عطور نسائية,14,310.0,0
2026-05-02,P004,عطر الورد الطائفي 50 مل,عطور نسائية,23,310.0,0
2026-05-03,P004,عطر الورد الطائفي 50 مل,عطور نسائية,11,310.0,0
2026-05-04,P004,عطر الورد الطائفي 50 مل,عطور نسائية,15,310.0,0
2026-05-05,P004,عطر الورد الطائفي 50 مل,عطور نسائية,18,310.0,0
2026-05-06,P004,عطر الورد الطائفي 50 مل,عطور نسائية,14,310.0,0
2026-05-07,P004,عطر الورد الطائفي 50 مل,عطور نسائية,11,310.0,0
2026-05-08,P004,عطر الورد الطائفي 50 مل,عطور نسائية,15,310.0,0
2026-05-09,P004,عطر الورد الطائفي 50 مل,عطور نسائية,14,310.0,0
2026-05-10,P004,عطر الورد الطائفي 50 مل,عطور نسائية,23,310.0,0
2026-05-11,P004,عطر الورد الطائفي 50 مل,عطور نسائية,13,310.0,0
2026-05-12,P004,عطر الورد الطائفي 50 مل,عطور نسائية,8,310.0,0
2026-05-13,P004,عطر الورد الطائفي 50 مل,عطور نسائية,6,310.0,0
2026-05-14,P004,عطر الورد الطائفي 50 مل,عطور نسائية,25,310.0,0
2026-05-15,P004,عطر الورد الطائفي 50 مل,عطور نسائية,14,310.0,0
2026-05-16,P004,عطر الورد الطائفي 50 مل,عطور نسائية,10,310.0,0
2026-05-17,P004,عطر الورد الطائفي 50 مل,عطور نسائية,8,310.0,0
2026-05-18,P004,عطر الورد الطائفي 50 مل,عطور نسائية,15,310.0,0
2026-05-19,P004,عطر الورد الطائفي 50 مل,عطور نسائية,7,310.0,0
2026-05-20,P004,عطر الورد الطائفي 50 مل,عطور نسائية,23,310.0,0
2026-05-21,P004,عطر الورد الطائفي 50 مل,عطور نسائية,8,310.0,0
2026-05-22,P004,عطر الورد الطائفي 50 مل,عطور نسائية,33,310.0,0
2026-05-23,P004,عطر الورد الطائفي 50 مل,عطور نسائية,23,310.0,0
2026-05-24,P004,عطر الورد الطائفي 50 مل,عطور نسائية,12,310.0,0
2026-05-25,P004,عطر الورد الطائفي 50 مل,عطور نسائية,12,310.0,0
2026-05-26,P004,عطر الورد الطائفي 50 مل,عطور نسائية,18,310.0,0
2026-05-27,P004,عطر الورد الطائفي 50 مل,عطور نسائية,16,310.0,0
2026-05-28,P004,عطر الورد الطائفي 50 مل,عطور نسائية,9,310.0,0
2026-05-29,P004,عطر الورد الطائفي 50 مل,عطور نسائية,15,310.0,0
2026-05-30,P004,عطر الورد الطائفي 50 مل,عطور نسائية,16,310.0,0
2026-05-31,P004,عطر الورد الطائفي 50 مل,عطور نسائية,12,310.0,0
2026-06-01,P004,عطر الورد الطائفي 50 مل,عطور نسائية,25,310.0,0
2026-06-02,P004,عطر الورد الطائفي 50 مل,عطور نسائية,7,310.0,0
2026-06-03,P004,عطر الورد الطائفي 50 مل,عطور نسائية,11,310.0,0
2026-06-04,P004,عطر الورد الطائفي 50 مل,عطور نسائية,23,310.0,0
2026-06-05,P004,عطر الورد الطائفي 50 مل,عطور نسائية,8,310.0,0
2026-06-06,P004,عطر الورد الطائفي 50 مل,عطور نسائية,15,310.0,0
2026-06-07,P004,عطر الورد الطائفي 50 مل,عطور نسائية,17,310.0,0
2026-06-08,P004,عطر الورد الطائفي 50 مل,عطور نسائية,18,310.0,0
2026-06-09,P004,عطر الورد الطائفي 50 مل,عطور نسائية,9,310.0,0
2026-06-10,P004,عطر الورد الطائفي 50 مل,عطور نسائية,12,310.0,0
2026-06-11,P004,عطر الورد الطائفي 50 مل,عطور نسائية,22,310.0,0
2026-06-12,P004,عطر الورد الطائفي 50 مل,عطور نسائية,22,310.0,0
2026-06-13,P004,عطر الورد الطائفي 50 مل,عطور نسائية,10,310.0,0
2026-06-14,P004,عطر الورد الطائفي 50 مل,عطور نسائية,16,310.0,0
2026-06-15,P004,عطر الورد الطائفي 50 مل,عطور نسائية,19,310.0,0
2026-06-16,P004,عطر الورد الطائفي 50 مل,عطور نسائية,7,310.0,0
2026-06-17,P004,عطر الورد الطائفي 50 مل,عطور نسائية,16,310.0,0
2026-06-18,P004,عطر الورد الطائفي 50 مل,عطور نسائية,16,310.0,0
2026-06-19,P004,عطر الورد الطائفي 50 مل,عطور نسائية,26,310.0,0
2026-06-20,P004,عطر الورد الطائفي 50 مل,عطور نسائية,16,310.0,0
2026-06-21,P004,عطر الورد الطائفي 50 مل,عطور نسائية,33,310.0,0
2026-06-22,P004,عطر الورد الطائفي 50 مل,عطور نسائية,12,310.0,0
2026-06-23,P004,عطر الورد الطائفي 50 مل,عطور نسائية,20,310.0,0
2026-06-24,P004,عطر الورد الطائفي 50 مل,عطور نسائية,23,310.0,0
2026-06-25,P004,عطر الورد الطائفي 50 مل,عطور نسائية,34,310.0,0
2026-06-26,P004,عطر الورد الطائفي 50 مل,عطور نسائية,20,310.0,0
2026-06-27,P004,عطر الورد الطائفي 50 مل,عطور نسائية,39,310.0,0
2026-06-28,P004,عطر الورد الطائفي 50 مل,عطور نسائية,14,310.0,0
2026-06-29,P004,عطر الورد الطائفي 50 مل,عطور نسائية,14,310.0,0
2026-06-30,P004,عطر الورد الطائفي 50 مل,عطور نسائية,25,310.0,0
2026-07-01,P004,عطر الورد الطائفي 50 مل,عطور نسائية,21,310.0,0
2026-07-02,P004,عطر الورد الطائفي 50 مل,عطور نسائية,11,310.0,0
2026-07-03,P004,عطر الورد الطائفي 50 مل,عطور نسائية,28,310.0,0
2026-07-04,P004,عطر الورد الطائفي 50 مل,عطور نسائية,20,310.0,0
2026-07-05,P004,عطر الورد الطائفي 50 مل,عطور نسائية,10,310.0,0
2026-07-06,P004,عطر الورد الطائفي 50 مل,عطور نسائية,12,310.0,0
2026-07-07,P004,عطر الورد الطائفي 50 مل,عطور نسائية,19,310.0,0
2026-07-08,P004,عطر الورد الطائفي 50 مل,عطور نسائية,16,310.0,0
2026-07-09,P004,عطر الورد الطائفي 50 مل,عطور نسائية,16,310.0,0
2026-07-10,P004,عطر الورد الطائفي 50 مل,عطور نسائية,22,310.0,0
2026-07-11,P004,عطر الورد الطائفي 50 مل,عطور نسائية,26,310.0,0
2026-07-12,P004,عطر الورد الطائفي 50 مل,عطور نسائية,36,310.0,0
2026-07-13,P004,عطر الورد الطائفي 50 مل,عطور نسائية,15,310.0,0
2026-07-14,P004,عطر الورد الطائفي 50 مل,عطور نسائية,15,310.0,0
2026-07-15,P004,عطر الورد الطائفي 50 مل,عطور نسائية,14,310.0,0
2026-07-16,P004,عطر الورد الطائفي 50 مل,عطور نسائية,20,310.0,0
2026-07-17,P004,عطر الورد الطائفي 50 مل,عطور نسائية,19,310.0,0
2026-07-18,P004,عطر الورد الطائفي 50 مل,عطور نسائية,27,310.0,0
2026-07-19,P004,عطر الورد الطائفي 50 مل,عطور نسائية,21,310.0,0
2026-07-20,P004,عطر الورد الطائفي 50 مل,عطور نسائية,23,310.0,0
2026-07-21,P004,عطر الورد الطائفي 50 مل,عطور نسائية,14,310.0,0
2026-07-22,P004,عطر الورد الطائفي 50 مل,عطور نسائية,22,310.0,0
2026-07-23,P004,عطر الورد الطائفي 50 مل,عطور نسائية,21,310.0,0
2026-07-24,P004,عطر الورد الطائفي 50 مل,عطور نسائية,18,310.0,0
2026-07-25,P004,عطر الورد الطائفي 50 مل,عطور نسائية,51,310.0,0
2026-07-26,P004,عطر الورد الطائفي 50 مل,عطور نسائية,23,310.0,0
2026-07-27,P004,عطر الورد الطائفي 50 مل,عطور نسائية,20,310.0,0
2026-07-28,P004,عطر الورد الطائفي 50 مل,عطور نسائية,29,310.0,0
2026-07-29,P004,عطر الورد الطائفي 50 مل,عطور نسائية,17,310.0,0
2026-07-30,P004,عطر الورد الطائفي 50 مل,عطور نسائية,14,310.0,0
2026-07-31,P004,عطر الورد الطائفي 50 مل,عطور نسائية,26,310.0,0
2026-08-01,P004,عطر الورد الطائفي 50 مل,عطور نسائية,17,310.0,0
2026-08-02,P004,عطر الورد الطائفي 50 مل,عطور نسائية,25,310.0,0
2026-08-03,P004,عطر الورد الطائفي 50 مل,عطور نسائية,18,310.0,0
2026-08-04,P004,عطر الورد الطائفي 50 مل,عطور نسائية,13,310.0,0
2026-08-05,P004,عطر الورد الطائفي 50 مل,عطور نسائية,28,310.0,0
2026-08-06,P004,عطر الورد الطائفي 50 مل,عطور نسائية,22,310.0,0
2026-08-07,P004,عطر الورد الطائفي 50 مل,عطور نسائية,28,310.0,0
2026-08-08,P004,عطر الورد الطائفي 50 مل,عطور نسائية,15,310.0,0
2026-08-09,P004,عطر الورد الطائفي 50 مل,عطور نسائية,16,310.0,0
2026-08-10,P004,عطر الورد الطائفي 50 مل,عطور نسائية,18,310.0,0
2026-08-11,P004,عطر الورد الطائفي 50 مل,عطور نسائية,25,310.0,0
2026-08-12,P004,عطر الورد الطائفي 50 مل,عطور نسائية,24,310.0,0
2026-08-13,P004,عطر الورد الطائفي 50 مل,عطور نسائية,28,310.0,0
2026-08-14,P004,عطر الورد الطائفي 50 مل,عطور نسائية,30,310.0,0
2026-08-15,P004,عطر الورد الطائفي 50 مل,عطور نسائية,20,310.0,0
2026-08-16,P004,عطر الورد الطائفي 50 مل,عطور نسائية,10,310.0,0
2026-08-17,P004,عطر الورد الطائفي 50 مل,عطور نسائية,12,310.0,0
2026-08-18,P004,عطر الورد الطائفي 50 مل,عطور نسائية,23,310.0,0
2026-08-19,P004,عطر الورد الطائفي 50 مل,عطور نسائية,38,249.37,1
2026-08-20,P004,عطر الورد الطائفي 50 مل,عطور نسائية,42,249.37,1
2026-08-21,P004,عطر الورد الطائفي 50 مل,عطور نسائية,39,249.37,1
2026-08-22,P004,عطر الورد الطائفي 50 مل,عطور نسائية,44,249.37,1
2026-08-23,P004,عطر الورد الطائفي 50 مل,عطور نسائية,21,249.37,1
2026-08-24,P004,عطر الورد الطائفي 50 مل,عطور نسائية,24,249.37,1
2026-08-25,P004,عطر الورد الطائفي 50 مل,عطور نسائية,30,249.37,1
2026-08-26,P004,عطر الورد الطائفي 50 مل,عطور نسائية,12,310.0,0
2026-08-27,P004,عطر الورد الطائفي 50 مل,عطور نسائية,17,310.0,0
2026-08-28,P004,عطر الورد الطائفي 50 مل,عطور نسائية,20,310.0,0
2026-08-29,P004,عطر الورد الطائفي 50 مل,عطور نسائية,11,310.0,0
2026-08-30,P004,عطر الورد الطائفي 50 مل,عطور نسائية,22,310.0,0
2026-08-31,P004,عطر الورد الطائفي 50 مل,عطور نسائية,26,310.0,0
2026-09-01,P004,عطر الورد الطائفي 50 مل,عطور نسائية,26,310.0,0
2026-09-02,P004,عطر الورد الطائفي 50 مل,عطور نسائية,19,310.0,0
2026-09-03,P004,عطر الورد الطائفي 50 مل,عطور نسائية,23,310.0,0
2026-09-04,P004,عطر الورد الطائفي 50 مل,عطور نسائية,14,310.0,0
2026-09-05,P004,عطر الورد الطائفي 50 مل,عطور نسائية,39,310.0,0
2026-09-06,P004,عطر الورد الطائفي 50 مل,عطور نسائية,21,310.0,0
2026-09-07,P004,عطر الورد الطائفي 50 مل,عطور نسائية,13,310.0,0
2026-09-08,P004,عطر الورد الطائفي 50 مل,عطور نسائية,10,310.0,0
2026-09-09,P004,عطر الورد الطائفي 50 مل,عطور نسائية,29,310.0,0
2026-09-10,P004,عطر الورد الطائفي 50 مل,عطور نسائية,12,310.0,0
2026-09-11,P004,عطر الورد الطائفي 50 مل,عطور نسائية,32,310.0,0
2026-09-12,P004,عطر الورد الطائفي 50 مل,عطور نسائية,17,310.0,0
2026-03-17,P005,بخور معمول فاخر 100 جم,بخور,19,185.0,0
2026-03-18,P005,بخور معمول فاخر 100 جم,بخور,17,185.0,0
2026-03-19,P005,بخور معمول فاخر 100 جم,بخور,10,185.0,0
2026-03-20,P005,بخور معمول فاخر 100 جم,بخور,25,185.0,0
2026-03-21,P005,بخور معمول فاخر 100 جم,بخور,47,185.0,0
2026-03-22,P005,بخور معمول فاخر 100 جم,بخور,8,185.0,0
2026-03-23,P005,بخور معمول فاخر 100 جم,بخور,22,185.0,0
2026-03-24,P005,بخور معمول فاخر 100 جم,بخور,21,185.0,0
2026-03-25,P005,بخور معمول فاخر 100 جم,بخور,24,185.0,0
2026-03-26,P005,بخور معمول فاخر 100 جم,بخور,24,185.0,0
2026-03-27,P005,بخور معمول فاخر 100 جم,بخور,24,185.0,0
2026-03-28,P005,بخور معمول فاخر 100 جم,بخور,27,185.0,0
2026-03-29,P005,بخور معمول فاخر 100 جم,بخور,32,185.0,0
2026-03-30,P005,بخور معمول فاخر 100 جم,بخور,16,185.0,0
2026-03-31,P005,بخور معمول فاخر 100 جم,بخور,23,185.0,0
2026-04-01,P005,بخور معمول فاخر 100 جم,بخور,27,185.0,0
2026-04-02,P005,بخور معمول فاخر 100 جم,بخور,22,185.0,0
2026-04-03,P005,بخور معمول فاخر 100 جم,بخور,28,185.0,0
2026-04-04,P005,بخور معمول فاخر 100 جم,بخور,27,185.0,0
2026-04-05,P005,بخور معمول فاخر 100 جم,بخور,38,185.0,0
2026-04-06,P005,بخور معمول فاخر 100 جم,بخور,34,185.0,0
2026-04-07,P005,بخور معمول فاخر 100 جم,بخور,16,152.04,1
2026-04-08,P005,بخور معمول فاخر 100 جم,بخور,25,152.04,1
2026-04-09,P005,بخور معمول فاخر 100 جم,بخور,44,152.04,1
2026-04-10,P005,بخور معمول فاخر 100 جم,بخور,79,152.04,1
2026-04-11,P005,بخور معمول فاخر 100 جم,بخور,30,185.0,0
2026-04-12,P005,بخور معمول فاخر 100 جم,بخور,28,185.0,0
2026-04-13,P005,بخور معمول فاخر 100 جم,بخور,13,185.0,0
2026-04-14,P005,بخور معمول فاخر 100 جم,بخور,62,152.04,1
2026-04-15,P005,بخور معمول فاخر 100 جم,بخور,28,152.04,1
2026-04-16,P005,بخور معمول فاخر 100 جم,بخور,70,152.04,1
2026-04-17,P005,بخور معمول فاخر 100 جم,بخور,38,185.0,0
2026-04-18,P005,بخور معمول فاخر 100 جم,بخور,35,185.0,0
2026-04-19,P005,بخور معمول فاخر 100 جم,بخور,14,185.0,0
2026-04-20,P005,بخور معمول فاخر 100 جم,بخور,19,185.0,0
2026-04-21,P005,بخور معمول فاخر 100 جم,بخور,16,185.0,0
2026-04-22,P005,بخور معمول فاخر 100 جم,بخور,16,185.0,0
2026-04-23,P005,بخور معمول فاخر 100 جم,بخور,18,185.0,0
2026-04-24,P005,بخور معمول فاخر 100 جم,بخور,21,185.0,0
2026-04-25,P005,بخور معمول فاخر 100 جم,بخور,21,185.0,0
2026-04-26,P005,بخور معمول فاخر 100 جم,بخور,21,185.0,0
2026-04-27,P005,بخور معمول فاخر 100 جم,بخور,34,185.0,0
2026-04-28,P005,بخور معمول فاخر 100 جم,بخور,12,185.0,0
2026-04-29,P005,بخور معمول فاخر 100 جم,بخور,20,185.0,0
2026-04-30,P005,بخور معمول فاخر 100 جم,بخور,22,185.0,0
2026-05-01,P005,بخور معمول فاخر 100 جم,بخور,32,185.0,0
2026-05-02,P005,بخور معمول فاخر 100 جم,بخور,44,185.0,0
2026-05-03,P005,بخور معمول فاخر 100 جم,بخور,20,185.0,0
2026-05-04,P005,بخور معمول فاخر 100 جم,بخور,22,185.0,0
2026-05-05,P005,بخور معمول فاخر 100 جم,بخور,14,185.0,0
2026-05-06,P005,بخور معمول فاخر 100 جم,بخور,34,185.0,0
2026-05-07,P005,بخور معمول فاخر 100 جم,بخور,35,185.0,0
2026-05-08,P005,بخور معمول فاخر 100 جم,بخور,43,185.0,0
2026-05-09,P005,بخور معمول فاخر 100 جم,بخور,48,185.0,0
2026-05-10,P005,بخور معمول فاخر 100 جم,بخور,17,185.0,0
2026-05-11,P005,بخور معمول فاخر 100 جم,بخور,13,185.0,0
2026-05-12,P005,بخور معمول فاخر 100 جم,بخور,12,185.0,0
2026-05-13,P005,بخور معمول فاخر 100 جم,بخور,25,185.0,0
2026-05-14,P005,بخور معمول فاخر 100 جم,بخور,26,185.0,0
2026-05-15,P005,بخور معمول فاخر 100 جم,بخور,14,185.0,0
2026-05-16,P005,بخور معمول فاخر 100 جم,بخور,25,185.0,0
2026-05-17,P005,بخور معمول فاخر 100 جم,بخور,16,185.0,0
2026-05-18,P005,بخور معمول فاخر 100 جم,بخور,43,185.0,0
2026-05-19,P005,بخور معمول فاخر 100 جم,بخور,18,185.0,0
2026-05-20,P005,بخور معمول فاخر 100 جم,بخور,10,185.0,0
2026-05-21,P005,بخور معمول فاخر 100 جم,بخور,21,185.0,0
2026-05-22,P005,بخور معمول فاخر 100 جم,بخور,62,185.0,0
2026-05-23,P005,بخور معمول فاخر 100 جم,بخور,38,185.0,0
2026-05-24,P005,بخور معمول فاخر 100 جم,بخور,16,185.0,0
2026-05-25,P005,بخور معمول فاخر 100 جم,بخور,12,185.0,0
2026-05-26,P005,بخور معمول فاخر 100 جم,بخور,18,185.0,0
2026-05-27,P005,بخور معمول فاخر 100 جم,بخور,24,185.0,0
2026-05-28,P005,بخور معمول فاخر 100 جم,بخور,21,185.0,0
2026-05-29,P005,بخور معمول فاخر 100 جم,بخور,30,185.0,0
2026-05-30,P005,بخور معمول فاخر 100 جم,بخور,22,185.0,0
2026-05-31,P005,بخور معمول فاخر 100 جم,بخور,21,185.0,0
2026-06-01,P005,بخور معمول فاخر 100 جم,بخور,28,185.0,0
2026-06-02,P005,بخور معمول فاخر 100 جم,بخور,26,152.04,1
2026-06-03,P005,بخور معمول فاخر 100 جم,بخور,23,152.04,1
2026-06-04,P005,بخور معمول فاخر 100 جم,بخور,33,152.04,1
2026-06-05,P005,بخور معمول فاخر 100 جم,بخور,23,185.0,0
2026-06-06,P005,بخور معمول فاخر 100 جم,بخور,27,185.0,0
2026-06-07,P005,بخور معمول فاخر 100 جم,بخور,37,185.0,0
2026-06-08,P005,بخور معمول فاخر 100 جم,بخور,62,152.04,1
2026-06-09,P005,بخور معمول فاخر 100 جم,بخور,38,152.04,1
2026-06-10,P005,بخور معمول فاخر 100 جم,بخور,40,152.04,1
2026-06-11,P005,بخور معمول فاخر 100 جم,بخور,7,185.0,0
2026-06-12,P005,بخور معمول فاخر 100 جم,بخور,18,185.0,0
2026-06-13,P005,بخور معمول فاخر 100 جم,بخور,19,185.0,0
2026-06-14,P005,بخور معمول فاخر 100 جم,بخور,23,185.0,0
2026-06-15,P005,بخور معمول فاخر 100 جم,بخور,9,185.0,0
2026-06-16,P005,بخور معمول فاخر 100 جم,بخور,20,185.0,0
2026-06-17,P005,بخور معمول فاخر 100 جم,بخور,48,152.04,1
2026-06-18,P005,بخور معمول فاخر 100 جم,بخور,36,152.04,1
2026-06-19,P005,بخور معمول فاخر 100 جم,بخور,47,152.04,1
2026-06-20,P005,بخور معمول فاخر 100 جم,بخور,14,185.0,0
2026-06-21,P005,بخور معمول فاخر 100 جم,بخور,25,185.0,0
2026-06-22,P005,بخور معمول فاخر 100 جم,بخور,14,185.0,0
2026-06-23,P005,بخور معمول فاخر 100 جم,بخور,4,185.0,0
2026-06-24,P005,بخور معمول فاخر 100 جم,بخور,12,185.0,0
2026-06-25,P005,بخور معمول فاخر 100 جم,بخور,12,185.0,0
2026-06-26,P005,بخور معمول فاخر 100 جم,بخور,40,185.0,0
2026-06-27,P005,بخور معمول فاخر 100 جم,بخور,17,185.0,0
2026-06-28,P005,بخور معمول فاخر 100 جم,بخور,31,185.0,0
2026-06-29,P005,بخور معمول فاخر 100 جم,بخور,10,185.0,0
2026-06-30,P005,بخور معمول فاخر 100 جم,بخور,16,185.0,0
2026-07-01,P005,بخور معمول فاخر 100 جم,بخور,12,185.0,0
2026-07-02,P005,بخور معمول فاخر 100 جم,بخور,25,185.0,0
2026-07-03,P005,بخور معمول فاخر 100 جم,بخور,28,185.0,0
2026-07-04,P005,بخور معمول فاخر 100 جم,بخور,38,185.0,0
2026-07-05,P005,بخور معمول فاخر 100 جم,بخور,13,185.0,0
2026-07-06,P005,بخور معمول فاخر 100 جم,بخور,9,185.0,0
2026-07-07,P005,بخور معمول فاخر 100 جم,بخور,17,185.0,0
2026-07-08,P005,بخور معمول فاخر 100 جم,بخور,29,185.0,0
2026-07-09,P005,بخور معمول فاخر 100 جم,بخور,18,185.0,0
2026-07-10,P005,بخور معمول فاخر 100 جم,بخور,20,185.0,0
2026-07-11,P005,بخور معمول فاخر 100 جم,بخور,36,185.0,0
2026-07-12,P005,بخور معمول فاخر 100 جم,بخور,15,185.0,0
2026-07-13,P005,بخور معمول فاخر 100 جم,بخور,10,185.0,0
2026-07-14,P005,بخور معمول فاخر 100 جم,بخور,29,185.0,0
2026-07-15,P005,بخور معمول فاخر 100 جم,بخور,12,185.0,0
2026-07-16,P005,بخور معمول فاخر 100 جم,بخور,15,185.0,0
2026-07-17,P005,بخور معمول فاخر 100 جم,بخور,26,185.0,0
2026-07-18,P005,بخور معمول فاخر 100 جم,بخور,7,185.0,0
2026-07-19,P005,بخور معمول فاخر 100 جم,بخور,13,185.0,0
2026-07-20,P005,بخور معمول فاخر 100 جم,بخور,4,185.0,0
2026-07-21,P005,بخور معمول فاخر 100 جم,بخور,7,185.0,0
2026-07-22,P005,بخور معمول فاخر 100 جم,بخور,20,185.0,0
2026-07-23,P005,بخور معمول فاخر 100 جم,بخور,13,185.0,0
2026-07-24,P005,بخور معمول فاخر 100 جم,بخور,24,185.0,0
2026-07-25,P005,بخور معمول فاخر 100 جم,بخور,18,185.0,0
2026-07-26,P005,بخور معمول فاخر 100 جم,بخور,5,185.0,0
2026-07-27,P005,بخور معمول فاخر 100 جم,بخور,24,185.0,0
2026-07-28,P005,بخور معمول فاخر 100 جم,بخور,14,185.0,0
2026-07-29,P005,بخور معمول فاخر 100 جم,بخور,20,185.0,0
2026-07-30,P005,بخور معمول فاخر 100 جم,بخور,20,185.0,0
2026-07-31,P005,بخور معمول فاخر 100 جم,بخور,9,185.0,0
2026-08-01,P005,بخور معمول فاخر 100 جم,بخور,16,185.0,0
2026-08-02,P005,بخور معمول فاخر 100 جم,بخور,26,185.0,0
2026-08-03,P005,بخور معمول فاخر 100 جم,بخور,10,185.0,0
2026-08-04,P005,بخور معمول فاخر 100 جم,بخور,18,185.0,0
2026-08-05,P005,بخور معمول فاخر 100 جم,بخور,38,185.0,0
2026-08-06,P005,بخور معمول فاخر 100 جم,بخور,17,185.0,0
2026-08-07,P005,بخور معمول فاخر 100 جم,بخور,15,185.0,0
2026-08-08,P005,بخور معمول فاخر 100 جم,بخور,14,185.0,0
2026-08-09,P005,بخور معمول فاخر 100 جم,بخور,13,185.0,0
2026-08-10,P005,بخور معمول فاخر 100 جم,بخور,15,185.0,0
2026-08-11,P005,بخور معمول فاخر 100 جم,بخور,14,185.0,0
2026-08-12,P005,بخور معمول فاخر 100 جم,بخور,26,185.0,0
2026-08-13,P005,بخور معمول فاخر 100 جم,بخور,19,185.0,0
2026-08-14,P005,بخور معمول فاخر 100 جم,بخور,50,185.0,0
2026-08-15,P005,بخور معمول فاخر 100 جم,بخور,27,185.0,0
2026-08-16,P005,بخور معمول فاخر 100 جم,بخور,16,185.0,0
2026-08-17,P005,بخور معمول فاخر 100 جم,بخور,6,185.0,0
2026-08-18,P005,بخور معمول فاخر 100 جم,بخور,14,185.0,0
2026-08-19,P005,بخور معمول فاخر 100 جم,بخور,17,185.0,0
2026-08-20,P005,بخور معمول فاخر 100 جم,بخور,18,185.0,0
2026-08-21,P005,بخور معمول فاخر 100 جم,بخور,34,185.0,0
2026-08-22,P005,بخور معمول فاخر 100 جم,بخور,30,185.0,0
2026-08-23,P005,بخور معمول فاخر 100 جم,بخور,14,185.0,0
2026-08-24,P005,بخور معمول فاخر 100 جم,بخور,21,152.04,1
2026-08-25,P005,بخور معمول فاخر 100 جم,بخور,29,152.04,1
2026-08-26,P005,بخور معمول فاخر 100 جم,بخور,11,185.0,0
2026-08-27,P005,بخور معمول فاخر 100 جم,بخور,16,185.0,0
2026-08-28,P005,بخور معمول فاخر 100 جم,بخور,40,185.0,0
2026-08-29,P005,بخور معمول فاخر 100 جم,بخور,30,185.0,0
2026-08-30,P005,بخور معمول فاخر 100 جم,بخور,26,185.0,0
2026-08-31,P005,بخور معمول فاخر 100 جم,بخور,17,185.0,0
2026-09-01,P005,بخور معمول فاخر 100 جم,بخور,31,185.0,0
2026-09-02,P005,بخور معمول فاخر 100 جم,بخور,26,185.0,0
2026-09-03,P005,بخور معمول فاخر 100 جم,بخور,17,185.0,0
2026-09-04,P005,بخور معمول فاخر 100 جم,بخور,34,185.0,0
2026-09-05,P005,بخور معمول فاخر 100 جم,بخور,58,152.04,1
2026-09-06,P005,بخور معمول فاخر 100 جم,بخور,40,152.04,1
2026-09-07,P005,بخور معمول فاخر 100 جم,بخور,25,185.0,0
2026-09-08,P005,بخور معمول فاخر 100 جم,بخور,13,185.0,0
2026-09-09,P005,بخور معمول فاخر 100 جم,بخور,22,185.0,0
2026-09-10,P005,بخور معمول فاخر 100 جم,بخور,35,185.0,0
2026-09-11,P005,بخور معمول فاخر 100 جم,بخور,26,185.0,0
2026-09-12,P005,بخور معمول فاخر 100 جم,بخور,25,185.0,0
2026-03-17,P006,عطر الجاذبية للرجال 100 مل,عطور رجالية,28,260.0,0
2026-03-18,P006,عطر الجاذبية للرجال 100 مل,عطور رجالية,26,260.0,0
2026-03-19,P006,عطر الجاذبية للرجال 100 مل,عطور رجالية,17,260.0,0
2026-03-20,P006,عطر الجاذبية للرجال 100 مل,عطور رجالية,42,260.0,0
2026-03-21,P006,عطر الجاذبية للرجال 100 مل,عطور رجالية,38,260.0,0
2026-03-22,P006,عطر الجاذبية للرجال 100 مل,عطور رجالية,9,260.0,0
2026-03-23,P006,عطر الجاذبية للرجال 100 مل,عطور رجالية,24,260.0,0
2026-03-24,P006,عطر الجاذبية للرجال 100 مل,عطور رجالية,10,260.0,0
2026-03-25,P006,عطر الجاذبية للرجال 100 مل,عطور رجالية,41,260.0,0
2026-03-26,P006,عطر الجاذبية للرجال 100 مل,عطور رجالية,21,260.0,0
2026-03-27,P006,عطر الجاذبية للرجال 100 مل,عطور رجالية,19,260.0,0
2026-03-28,P006,عطر الجاذبية للرجال 100 مل,عطور رجالية,8,260.0,0
2026-03-29,P006,عطر الجاذبية للرجال 100 مل,عطور رجالية,23,260.0,0
2026-03-30,P006,عطر الجاذبية للرجال 100 مل,عطور رجالية,20,260.0,0
2026-03-31,P006,عطر الجاذبية للرجال 100 مل,عطور رجالية,19,260.0,0
2026-04-01,P006,عطر الجاذبية للرجال 100 مل,عطور رجالية,20,260.0,0
2026-04-02,P006,عطر الجاذبية للرجال 100 مل,عطور رجالية,20,260.0,0
2026-04-03,P006,عطر الجاذبية للرجال 100 مل,عطور رجالية,28,260.0,0
2026-04-04,P006,عطر الجاذبية للرجال 100 مل,عطور رجالية,24,260.0,0
2026-04-05,P006,عطر الجاذبية للرجال 100 مل,عطور رجالية,29,260.0,0
2026-04-06,P006,عطر الجاذبية للرجال 100 مل,عطور رجالية,22,260.0,0
2026-04-07,P006,عطر الجاذبية للرجال 100 مل,عطور رجالية,14,260.0,0
2026-04-08,P006,عطر الجاذبية للرجال 100 مل,عطور رجالية,16,260.0,0
2026-04-09,P006,عطر الجاذبية للرجال 100 مل,عطور رجالية,23,260.0,0
2026-04-10,P006,عطر الجاذبية للرجال 100 مل,عطور رجالية,26,260.0,0
2026-04-11,P006,عطر الجاذبية للرجال 100 مل,عطور رجالية,31,260.0,0
2026-04-12,P006,عطر الجاذبية للرجال 100 مل,عطور رجالية,37,260.0,0
2026-04-13,P006,عطر الجاذبية للرجال 100 مل,عطور رجالية,22,260.0,0
2026-04-14,P006,عطر الجاذبية للرجال 100 مل,عطور رجالية,21,260.0,0
2026-04-15,P006,عطر الجاذبية للرجال 100 مل,عطور رجالية,12,260.0,0
2026-04-16,P006,عطر الجاذبية للرجال 100 مل,عطور رجالية,21,260.0,0
2026-04-17,P006,عطر الجاذبية للرجال 100 مل,عطور رجالية,33,260.0,0
2026-04-18,P006,عطر الجاذبية للرجال 100 مل,عطور رجالية,22,260.0,0
2026-04-19,P006,عطر الجاذبية للرجال 100 مل,عطور رجالية,38,260.0,0
2026-04-20,P006,عطر الجاذبية للرجال 100 مل,عطور رجالية,14,260.0,0
2026-04-21,P006,عطر الجاذبية للرجال 100 مل,عطور رجالية,13,260.0,0
2026-04-22,P006,عطر الجاذبية للرجال 100 مل,عطور رجالية,16,260.0,0
2026-04-23,P006,عطر الجاذبية للرجال 100 مل,عطور رجالية,17,260.0,0
2026-04-24,P006,عطر الجاذبية للرجال 100 مل,عطور رجالية,33,260.0,0
2026-04-25,P006,عطر الجاذبية للرجال 100 مل,عطور رجالية,20,260.0,0
2026-04-26,P006,عطر الجاذبية للرجال 100 مل,عطور رجالية,28,260.0,0
2026-04-27,P006,عطر الجاذبية للرجال 100 مل,عطور رجالية,32,260.0,0
2026-04-28,P006,عطر الجاذبية للرجال 100 مل,عطور رجالية,11,260.0,0
2026-04-29,P006,عطر الجاذبية للرجال 100 مل,عطور رجالية,28,260.0,0
2026-04-30,P006,عطر الجاذبية للرجال 100 مل,عطور رجالية,13,260.0,0
2026-05-01,P006,عطر الجاذبية للرجال 100 مل,عطور رجالية,74,230.15,1
2026-05-02,P006,عطر الجاذبية للرجال 100 مل,عطور رجالية,51,230.15,1
2026-05-03,P006,عطر الجاذبية للرجال 100 مل,عطور رجالية,68,230.15,1
2026-05-04,P006,عطر الجاذبية للرجال 100 مل,عطور رجالية,2,260.0,0
2026-05-05,P006,عطر الجاذبية للرجال 100 مل,عطور رجالية,14,260.0,0
2026-05-06,P006,عطر الجاذبية للرجال 100 مل,عطور رجالية,26,260.0,0
2026-05-07,P006,عطر الجاذبية للرجال 100 مل,عطور رجالية,29,260.0,0
2026-05-08,P006,عطر الجاذبية للرجال 100 مل,عطور رجالية,34,260.0,0
2026-05-09,P006,عطر الجاذبية للرجال 100 مل,عطور رجالية,23,260.0,0
2026-05-10,P006,عطر الجاذبية للرجال 100 مل,عطور رجالية,39,260.0,0
2026-05-11,P006,عطر الجاذبية للرجال 100 مل,عطور رجالية,9,260.0,0
2026-05-12,P006,عطر الجاذبية للرجال 100 مل,عطور رجالية,11,260.0,0
2026-05-13,P006,عطر الجاذبية للرجال 100 مل,عطور رجالية,23,260.0,0
2026-05-14,P006,عطر الجاذبية للرجال 100 مل,عطور رجالية,13,260.0,0
2026-05-15,P006,عطر الجاذبية للرجال 100 مل,عطور رجالية,29,260.0,0
2026-05-16,P006,عطر الجاذبية للرجال 100 مل,عطور رجالية,30,260.0,0
2026-05-17,P006,عطر الجاذبية للرجال 100 مل,عطور رجالية,19,260.0,0
2026-05-18,P006,عطر الجاذبية للرجال 100 مل,عطور رجالية,15,260.0,0
2026-05-19,P006,عطر الجاذبية للرجال 100 مل,عطور رجالية,16,260.0,0
2026-05-20,P006,عطر الجاذبية للرجال 100 مل,عطور رجالية,23,260.0,0
2026-05-21,P006,عطر الجاذبية للرجال 100 مل,عطور رجالية,18,260.0,0
2026-05-22,P006,عطر الجاذبية للرجال 100 مل,عطور رجالية,37,260.0,0
2026-05-23,P006,عطر الجاذبية للرجال 100 مل,عطور رجالية,21,260.0,0
2026-05-24,P006,عطر الجاذبية للرجال 100 مل,عطور رجالية,19,260.0,0
2026-05-25,P006,عطر الجاذبية للرجال 100 مل,عطور رجالية,9,260.0,0
2026-05-26,P006,عطر الجاذبية للرجال 100 مل,عطور رجالية,33,260.0,0
2026-05-27,P006,عطر الجاذبية للرجال 100 مل,عطور رجالية,11,260.0,0
2026-05-28,P006,عطر الجاذبية للرجال 100 مل,عطور رجالية,12,260.0,0
2026-05-29,P006,عطر الجاذبية للرجال 100 مل,عطور رجالية,9,260.0,0
2026-05-30,P006,عطر الجاذبية للرجال 100 مل,عطور رجالية,18,260.0,0
2026-05-31,P006,عطر الجاذبية للرجال 100 مل,عطور رجالية,29,260.0,0
2026-06-01,P006,عطر الجاذبية للرجال 100 مل,عطور رجالية,34,260.0,0
2026-06-02,P006,عطر الجاذبية للرجال 100 مل,عطور رجالية,11,260.0,0
2026-06-03,P006,عطر الجاذبية للرجال 100 مل,عطور رجالية,22,260.0,0
2026-06-04,P006,عطر الجاذبية للرجال 100 مل,عطور رجالية,20,260.0,0
2026-06-05,P006,عطر الجاذبية للرجال 100 مل,عطور رجالية,15,260.0,0
2026-06-06,P006,عطر الجاذبية للرجال 100 مل,عطور رجالية,17,260.0,0
2026-06-07,P006,عطر الجاذبية للرجال 100 مل,عطور رجالية,52,230.15,1
2026-06-08,P006,عطر الجاذبية للرجال 100 مل,عطور رجالية,57,230.15,1
2026-06-09,P006,عطر الجاذبية للرجال 100 مل,عطور رجالية,32,230.15,1
2026-06-10,P006,عطر الجاذبية للرجال 100 مل,عطور رجالية,48,230.15,1
2026-06-11,P006,عطر الجاذبية للرجال 100 مل,عطور رجالية,22,260.0,0
2026-06-12,P006,عطر الجاذبية للرجال 100 مل,عطور رجالية,35,260.0,0
2026-06-13,P006,عطر الجاذبية للرجال 100 مل,عطور رجالية,42,260.0,0
2026-06-14,P006,عطر الجاذبية للرجال 100 مل,عطور رجالية,19,260.0,0
2026-06-15,P006,عطر الجاذبية للرجال 100 مل,عطور رجالية,17,260.0,0
2026-06-16,P006,عطر الجاذبية للرجال 100 مل,عطور رجالية,18,260.0,0
2026-06-17,P006,عطر الجاذبية للرجال 100 مل,عطور رجالية,20,260.0,0
2026-06-18,P006,عطر الجاذبية للرجال 100 مل,عطور رجالية,16,260.0,0
2026-06-19,P006,عطر الجاذبية للرجال 100 مل,عطور رجالية,18,260.0,0
2026-06-20,P006,عطر الجاذبية للرجال 100 مل,عطور رجالية,23,260.0,0
2026-06-21,P006,عطر الجاذبية للرجال 100 مل,عطور رجالية,22,260.0,0
2026-06-22,P006,عطر الجاذبية للرجال 100 مل,عطور رجالية,29,260.0,0
2026-06-23,P006,عطر الجاذبية للرجال 100 مل,عطور رجالية,11,260.0,0
2026-06-24,P006,عطر الجاذبية للرجال 100 مل,عطور رجالية,25,260.0,0
2026-06-25,P006,عطر الجاذبية للرجال 100 مل,عطور رجالية,44,260.0,0
2026-06-26,P006,عطر الجاذبية للرجال 100 مل,عطور رجالية,27,260.0,0
2026-06-27,P006,عطر الجاذبية للرجال 100 مل,عطور رجالية,16,260.0,0
2026-06-28,P006,عطر الجاذبية للرجال 100 مل,عطور رجالية,22,260.0,0
2026-06-29,P006,عطر الجاذبية للرجال 100 مل,عطور رجالية,23,260.0,0
2026-06-30,P006,عطر الجاذبية للرجال 100 مل,عطور رجالية,22,260.0,0
2026-07-01,P006,عطر الجاذبية للرجال 100 مل,عطور رجالية,9,260.0,0
2026-07-02,P006,عطر الجاذبية للرجال 100 مل,عطور رجالية,19,260.0,0
2026-07-03,P006,عطر الجاذبية للرجال 100 مل,عطور رجالية,31,260.0,0
2026-07-04,P006,عطر الجاذبية للرجال 100 مل,عطور رجالية,21,260.0,0
2026-07-05,P006,عطر الجاذبية للرجال 100 مل,عطور رجالية,52,230.15,1
2026-07-06,P006,عطر الجاذبية للرجال 100 مل,عطور رجالية,38,230.15,1
2026-07-07,P006,عطر الجاذبية للرجال 100 مل,عطور رجالية,60,230.15,1
2026-07-08,P006,عطر الجاذبية للرجال 100 مل,عطور رجالية,54,230.15,1
2026-07-09,P006,عطر الجاذبية للرجال 100 مل,عطور رجالية,16,260.0,0
2026-07-10,P006,عطر الجاذبية للرجال 100 مل,عطور رجالية,49,260.0,0
2026-07-11,P006,عطر الجاذبية للرجال 100 مل,عطور رجالية,30,260.0,0
2026-07-12,P006,عطر الجاذبية للرجال 100 مل,عطور رجالية,17,260.0,0
2026-07-13,P006,عطر الجاذبية للرجال 100 مل,عطور رجالية,52,230.15,1
2026-07-14,P006,عطر الجاذبية للرجال 100 مل,عطور رجالية,38,230.15,1
2026-07-15,P006,عطر الجاذبية للرجال 100 مل,عطور رجالية,69,230.15,1
2026-07-16,P006,عطر الجاذبية للرجال 100 مل,عطور رجالية,94,230.15,1
2026-07-17,P006,عطر الجاذبية للرجال 100 مل,عطور رجالية,24,260.0,0
2026-07-18,P006,عطر الجاذبية للرجال 100 مل,عطور رجالية,35,260.0,0
2026-07-19,P006,عطر الجاذبية للرجال 100 مل,عطور رجالية,30,260.0,0
2026-07-20,P006,عطر الجاذبية للرجال 100 مل,عطور رجالية,30,260.0,0
2026-07-21,P006,عطر الجاذبية للرجال 100 مل,عطور رجالية,21,260.0,0
2026-07-22,P006,عطر الجاذبية للرجال 100 مل,عطور رجالية,29,260.0,0
2026-07-23,P006,عطر الجاذبية للرجال 100 مل,عطور رجالية,61,230.15,1
2026-07-24,P006,عطر الجاذبية للرجال 100 مل,عطور رجالية,75,230.15,1
2026-07-25,P006,عطر الجاذبية للرجال 100 مل,عطور رجالية,25,260.0,0
2026-07-26,P006,عطر الجاذبية للرجال 100 مل,عطور رجالية,20,260.0,0
2026-07-27,P006,عطر الجاذبية للرجال 100 مل,عطور رجالية,24,260.0,0
2026-07-28,P006,عطر الجاذبية للرجال 100 مل,عطور رجالية,24,260.0,0
2026-07-29,P006,عطر الجاذبية للرجال 100 مل,عطور رجالية,27,260.0,0
2026-07-30,P006,عطر الجاذبية للرجال 100 مل,عطور رجالية,31,260.0,0
2026-07-31,P006,عطر الجاذبية للرجال 100 مل,عطور رجالية,20,260.0,0
2026-08-01,P006,عطر الجاذبية للرجال 100 مل,عطور رجالية,89,230.15,1
2026-08-02,P006,عطر الجاذبية للرجال 100 مل,عطور رجالية,46,230.15,1
2026-08-03,P006,عطر الجاذبية للرجال 100 مل,عطور رجالية,20,260.0,0
2026-08-04,P006,عطر الجاذبية للرجال 100 مل,عطور رجالية,38,260.0,0
2026-08-05,P006,عطر الجاذبية للرجال 100 مل,عطور رجالية,20,260.0,0
2026-08-06,P006,عطر الجاذبية للرجال 100 مل,عطور رجالية,15,260.0,0
2026-08-07,P006,عطر الجاذبية للرجال 100 مل,عطور رجالية,27,260.0,0
2026-08-08,P006,عطر الجاذبية للرجال 100 مل,عطور رجالية,29,260.0,0
2026-08-09,P006,عطر الجاذبية للرجال 100 مل,عطور رجالية,28,260.0,0
2026-08-10,P006,عطر الجاذبية للرجال 100 مل,عطور رجالية,38,260.0,0
2026-08-11,P006,عطر الجاذبية للرجال 100 مل,عطور رجالية,16,260.0,0
2026-08-12,P006,عطر الجاذبية للرجال 100 مل,عطور رجالية,14,260.0,0
2026-08-13,P006,عطر الجاذبية للرجال 100 مل,عطور رجالية,35,260.0,0
2026-08-14,P006,عطر الجاذبية للرجال 100 مل,عطور رجالية,28,260.0,0
2026-08-15,P006,عطر الجاذبية للرجال 100 مل,عطور رجالية,44,260.0,0
2026-08-16,P006,عطر الجاذبية للرجال 100 مل,عطور رجالية,35,260.0,0
2026-08-17,P006,عطر الجاذبية للرجال 100 مل,عطور رجالية,30,260.0,0
2026-08-18,P006,عطر الجاذبية للرجال 100 مل,عطور رجالية,27,260.0,0
2026-08-19,P006,عطر الجاذبية للرجال 100 مل,عطور رجالية,19,260.0,0
2026-08-20,P006,عطر الجاذبية للرجال 100 مل,عطور رجالية,12,260.0,0
2026-08-21,P006,عطر الجاذبية للرجال 100 مل,عطور رجالية,25,260.0,0
2026-08-22,P006,عطر الجاذبية للرجال 100 مل,عطور رجالية,35,260.0,0
2026-08-23,P006,عطر الجاذبية للرجال 100 مل,عطور رجالية,29,260.0,0
2026-08-24,P006,عطر الجاذبية للرجال 100 مل,عطور رجالية,18,260.0,0
2026-08-25,P006,عطر الجاذبية للرجال 100 مل,عطور رجالية,43,260.0,0
2026-08-26,P006,عطر الجاذبية للرجال 100 مل,عطور رجالية,17,260.0,0
2026-08-27,P006,عطر الجاذبية للرجال 100 مل,عطور رجالية,22,260.0,0
2026-08-28,P006,عطر الجاذبية للرجال 100 مل,عطور رجالية,18,260.0,0
2026-08-29,P006,عطر الجاذبية للرجال 100 مل,عطور رجالية,16,260.0,0
2026-08-30,P006,عطر الجاذبية للرجال 100 مل,عطور رجالية,30,260.0,0
2026-08-31,P006,عطر الجاذبية للرجال 100 مل,عطور رجالية,22,260.0,0
2026-09-01,P006,عطر الجاذبية للرجال 100 مل,عطور رجالية,40,230.15,1
2026-09-02,P006,عطر الجاذبية للرجال 100 مل,عطور رجالية,68,230.15,1
2026-09-03,P006,عطر الجاذبية للرجال 100 مل,عطور رجالية,38,230.15,1
2026-09-04,P006,عطر الجاذبية للرجال 100 مل,عطور رجالية,37,230.15,1
2026-09-05,P006,عطر الجاذبية للرجال 100 مل,عطور رجالية,18,260.0,0
2026-09-06,P006,عطر الجاذبية للرجال 100 مل,عطور رجالية,24,260.0,0
2026-09-07,P006,عطر الجاذبية للرجال 100 مل,عطور رجالية,20,260.0,0
2026-09-08,P006,عطر الجاذبية للرجال 100 مل,عطور رجالية,19,260.0,0
2026-09-09,P006,عطر الجاذبية للرجال 100 مل,عطور رجالية,19,260.0,0
2026-09-10,P006,عطر الجاذبية للرجال 100 مل,عطور رجالية,40,260.0,0
2026-09-11,P006,عطر الجاذبية للرجال 100 مل,عطور رجالية,33,260.0,0
2026-09-12,P006,عطر الجاذبية للرجال 100 مل,عطور رجالية,45,260.0,0
2026-03-17,P007,عطر الصندل الهندي 75 مل,عطور فاخرة,3,350.0,0
2026-03-18,P007,عطر الصندل الهندي 75 مل,عطور فاخرة,7,350.0,0
2026-03-19,P007,عطر الصندل الهندي 75 مل,عطور فاخرة,11,350.0,0
2026-03-20,P007,عطر الصندل الهندي 75 مل,عطور فاخرة,8,350.0,0
2026-03-21,P007,عطر الصندل الهندي 75 مل,عطور فاخرة,13,350.0,0
2026-03-22,P007,عطر الصندل الهندي 75 مل,عطور فاخرة,7,350.0,0
2026-03-23,P007,عطر الصندل الهندي 75 مل,عطور فاخرة,7,350.0,0
2026-03-24,P007,عطر الصندل الهندي 75 مل,عطور فاخرة,9,350.0,0
2026-03-25,P007,عطر الصندل الهندي 75 مل,عطور فاخرة,12,350.0,0
2026-03-26,P007,عطر الصندل الهندي 75 مل,عطور فاخرة,10,350.0,0
2026-03-27,P007,عطر الصندل الهندي 75 مل,عطور فاخرة,7,350.0,0
2026-03-28,P007,عطر الصندل الهندي 75 مل,عطور فاخرة,12,350.0,0
2026-03-29,P007,عطر الصندل الهندي 75 مل,عطور فاخرة,7,307.48,1
2026-03-30,P007,عطر الصندل الهندي 75 مل,عطور فاخرة,10,307.48,1
2026-03-31,P007,عطر الصندل الهندي 75 مل,عطور فاخرة,8,350.0,0
2026-04-01,P007,عطر الصندل الهندي 75 مل,عطور فاخرة,7,350.0,0
2026-04-02,P007,عطر الصندل الهندي 75 مل,عطور فاخرة,4,350.0,0
2026-04-03,P007,عطر الصندل الهندي 75 مل,عطور فاخرة,3,350.0,0
2026-04-04,P007,عطر الصندل الهندي 75 مل,عطور فاخرة,13,350.0,0
2026-04-05,P007,عطر الصندل الهندي 75 مل,عطور فاخرة,8,350.0,0
2026-04-06,P007,عطر الصندل الهندي 75 مل,عطور فاخرة,17,350.0,0
2026-04-07,P007,عطر الصندل الهندي 75 مل,عطور فاخرة,1,350.0,0
2026-04-08,P007,عطر الصندل الهندي 75 مل,عطور فاخرة,10,350.0,0
2026-04-09,P007,عطر الصندل الهندي 75 مل,عطور فاخرة,8,350.0,0
2026-04-10,P007,عطر الصندل الهندي 75 مل,عطور فاخرة,8,350.0,0
2026-04-11,P007,عطر الصندل الهندي 75 مل,عطور فاخرة,9,350.0,0
2026-04-12,P007,عطر الصندل الهندي 75 مل,عطور فاخرة,11,350.0,0
2026-04-13,P007,عطر الصندل الهندي 75 مل,عطور فاخرة,9,350.0,0
2026-04-14,P007,عطر الصندل الهندي 75 مل,عطور فاخرة,7,350.0,0
2026-04-15,P007,عطر الصندل الهندي 75 مل,عطور فاخرة,13,350.0,0
2026-04-16,P007,عطر الصندل الهندي 75 مل,عطور فاخرة,6,350.0,0
2026-04-17,P007,عطر الصندل الهندي 75 مل,عطور فاخرة,13,350.0,0
2026-04-18,P007,عطر الصندل الهندي 75 مل,عطور فاخرة,12,350.0,0
2026-04-19,P007,عطر الصندل الهندي 75 مل,عطور فاخرة,11,350.0,0
2026-04-20,P007,عطر الصندل الهندي 75 مل,عطور فاخرة,11,350.0,0
2026-04-21,P007,عطر الصندل الهندي 75 مل,عطور فاخرة,12,350.0,0
2026-04-22,P007,عطر الصندل الهندي 75 مل,عطور فاخرة,6,350.0,0
2026-04-23,P007,عطر الصندل الهندي 75 مل,عطور فاخرة,7,350.0,0
2026-04-24,P007,عطر الصندل الهندي 75 مل,عطور فاخرة,9,350.0,0
2026-04-25,P007,عطر الصندل الهندي 75 مل,عطور فاخرة,10,350.0,0
2026-04-26,P007,عطر الصندل الهندي 75 مل,عطور فاخرة,6,350.0,0
2026-04-27,P007,عطر الصندل الهندي 75 مل,عطور فاخرة,12,350.0,0
2026-04-28,P007,عطر الصندل الهندي 75 مل,عطور فاخرة,13,350.0,0
2026-04-29,P007,عطر الصندل الهندي 75 مل,عطور فاخرة,5,350.0,0
2026-04-30,P007,عطر الصندل الهندي 75 مل,عطور فاخرة,7,350.0,0
2026-05-01,P007,عطر الصندل الهندي 75 مل,عطور فاخرة,16,350.0,0
2026-05-02,P007,عطر الصندل الهندي 75 مل,عطور فاخرة,17,350.0,0
2026-05-03,P007,عطر الصندل الهندي 75 مل,عطور فاخرة,15,350.0,0
2026-05-04,P007,عطر الصندل الهندي 75 مل,عطور فاخرة,15,350.0,0
2026-05-05,P007,عطر الصندل الهندي 75 مل,عطور فاخرة,9,350.0,0
2026-05-06,P007,عطر الصندل الهندي 75 مل,عطور فاخرة,12,350.0,0
2026-05-07,P007,عطر الصندل الهندي 75 مل,عطور فاخرة,7,350.0,0
2026-05-08,P007,عطر الصندل الهندي 75 مل,عطور فاخرة,9,350.0,0
2026-05-09,P007,عطر الصندل الهندي 75 مل,عطور فاخرة,15,350.0,0
2026-05-10,P007,عطر الصندل الهندي 75 مل,عطور فاخرة,7,350.0,0
2026-05-11,P007,عطر الصندل الهندي 75 مل,عطور فاخرة,9,350.0,0
2026-05-12,P007,عطر الصندل الهندي 75 مل,عطور فاخرة,8,307.48,1
2026-05-13,P007,عطر الصندل الهندي 75 مل,عطور فاخرة,9,307.48,1
2026-05-14,P007,عطر الصندل الهندي 75 مل,عطور فاخرة,12,307.48,1
2026-05-15,P007,عطر الصندل الهندي 75 مل,عطور فاخرة,15,350.0,0
2026-05-16,P007,عطر الصندل الهندي 75 مل,عطور فاخرة,12,350.0,0
2026-05-17,P007,عطر الصندل الهندي 75 مل,عطور فاخرة,35,307.48,1
2026-05-18,P007,عطر الصندل الهندي 75 مل,عطور فاخرة,20,307.48,1
2026-05-19,P007,عطر الصندل الهندي 75 مل,عطور فاخرة,18,307.48,1
2026-05-20,P007,عطر الصندل الهندي 75 مل,عطور فاخرة,11,350.0,0
2026-05-21,P007,عطر الصندل الهندي 75 مل,عطور فاخرة,13,350.0,0
2026-05-22,P007,عطر الصندل الهندي 75 مل,عطور فاخرة,14,350.0,0
2026-05-23,P007,عطر الصندل الهندي 75 مل,عطور فاخرة,14,307.48,1
2026-05-24,P007,عطر الصندل الهندي 75 مل,عطور فاخرة,21,307.48,1
2026-05-25,P007,عطر الصندل الهندي 75 مل,عطور فاخرة,10,350.0,0
2026-05-26,P007,عطر الصندل الهندي 75 مل,عطور فاخرة,10,350.0,0
2026-05-27,P007,عطر الصندل الهندي 75 مل,عطور فاخرة,14,350.0,0
2026-05-28,P007,عطر الصندل الهندي 75 مل,عطور فاخرة,7,350.0,0
2026-05-29,P007,عطر الصندل الهندي 75 مل,عطور فاخرة,10,350.0,0
2026-05-30,P007,عطر الصندل الهندي 75 مل,عطور فاخرة,4,350.0,0
2026-05-31,P007,عطر الصندل الهندي 75 مل,عطور فاخرة,14,350.0,0
2026-06-01,P007,عطر الصندل الهندي 75 مل,عطور فاخرة,16,350.0,0
2026-06-02,P007,عطر الصندل الهندي 75 مل,عطور فاخرة,11,350.0,0
2026-06-03,P007,عطر الصندل الهندي 75 مل,عطور فاخرة,9,350.0,0
2026-06-04,P007,عطر الصندل الهندي 75 مل,عطور فاخرة,15,350.0,0
2026-06-05,P007,عطر الصندل الهندي 75 مل,عطور فاخرة,16,350.0,0
2026-06-06,P007,عطر الصندل الهندي 75 مل,عطور فاخرة,8,350.0,0
2026-06-07,P007,عطر الصندل الهندي 75 مل,عطور فاخرة,10,350.0,0
2026-06-08,P007,عطر الصندل الهندي 75 مل,عطور فاخرة,10,350.0,0
2026-06-09,P007,عطر الصندل الهندي 75 مل,عطور فاخرة,9,350.0,0
2026-06-10,P007,عطر الصندل الهندي 75 مل,عطور فاخرة,11,350.0,0
2026-06-11,P007,عطر الصندل الهندي 75 مل,عطور فاخرة,13,350.0,0
2026-06-12,P007,عطر الصندل الهندي 75 مل,عطور فاخرة,13,350.0,0
2026-06-13,P007,عطر الصندل الهندي 75 مل,عطور فاخرة,6,350.0,0
2026-06-14,P007,عطر الصندل الهندي 75 مل,عطور فاخرة,8,350.0,0
2026-06-15,P007,عطر الصندل الهندي 75 مل,عطور فاخرة,18,350.0,0
2026-06-16,P007,عطر الصندل الهندي 75 مل,عطور فاخرة,8,350.0,0
2026-06-17,P007,عطر الصندل الهندي 75 مل,عطور فاخرة,13,350.0,0
2026-06-18,P007,عطر الصندل الهندي 75 مل,عطور فاخرة,13,350.0,0
2026-06-19,P007,عطر الصندل الهندي 75 مل,عطور فاخرة,12,350.0,0
2026-06-20,P007,عطر الصندل الهندي 75 مل,عطور فاخرة,12,350.0,0
2026-06-21,P007,عطر الصندل الهندي 75 مل,عطور فاخرة,12,350.0,0
2026-06-22,P007,عطر الصندل الهندي 75 مل,عطور فاخرة,15,350.0,0
2026-06-23,P007,عطر الصندل الهندي 75 مل,عطور فاخرة,6,350.0,0
2026-06-24,P007,عطر الصندل الهندي 75 مل,عطور فاخرة,10,350.0,0
2026-06-25,P007,عطر الصندل الهندي 75 مل,عطور فاخرة,4,350.0,0
2026-06-26,P007,عطر الصندل الهندي 75 مل,عطور فاخرة,8,350.0,0
2026-06-27,P007,عطر الصندل الهندي 75 مل,عطور فاخرة,9,350.0,0
2026-06-28,P007,عطر الصندل الهندي 75 مل,عطور فاخرة,7,350.0,0
2026-06-29,P007,عطر الصندل الهندي 75 مل,عطور فاخرة,14,350.0,0
2026-06-30,P007,عطر الصندل الهندي 75 مل,عطور فاخرة,2,350.0,0
2026-07-01,P007,عطر الصندل الهندي 75 مل,عطور فاخرة,7,350.0,0
2026-07-02,P007,عطر الصندل الهندي 75 مل,عطور فاخرة,10,350.0,0
2026-07-03,P007,عطر الصندل الهندي 75 مل,عطور فاخرة,7,350.0,0
2026-07-04,P007,عطر الصندل الهندي 75 مل,عطور فاخرة,8,350.0,0
2026-07-05,P007,عطر الصندل الهندي 75 مل,عطور فاخرة,7,350.0,0
2026-07-06,P007,عطر الصندل الهندي 75 مل,عطور فاخرة,9,350.0,0
2026-07-07,P007,عطر الصندل الهندي 75 مل,عطور فاخرة,5,350.0,0
2026-07-08,P007,عطر الصندل الهندي 75 مل,عطور فاخرة,12,350.0,0
2026-07-09,P007,عطر الصندل الهندي 75 مل,عطور فاخرة,15,350.0,0
2026-07-10,P007,عطر الصندل الهندي 75 مل,عطور فاخرة,19,350.0,0
2026-07-11,P007,عطر الصندل الهندي 75 مل,عطور فاخرة,7,350.0,0
2026-07-12,P007,عطر الصندل الهندي 75 مل,عطور فاخرة,10,350.0,0
2026-07-13,P007,عطر الصندل الهندي 75 مل,عطور فاخرة,7,350.0,0
2026-07-14,P007,عطر الصندل الهندي 75 مل,عطور فاخرة,16,350.0,0
2026-07-15,P007,عطر الصندل الهندي 75 مل,عطور فاخرة,8,350.0,0
2026-07-16,P007,عطر الصندل الهندي 75 مل,عطور فاخرة,14,350.0,0
2026-07-17,P007,عطر الصندل الهندي 75 مل,عطور فاخرة,13,350.0,0
2026-07-18,P007,عطر الصندل الهندي 75 مل,عطور فاخرة,7,350.0,0
2026-07-19,P007,عطر الصندل الهندي 75 مل,عطور فاخرة,11,350.0,0
2026-07-20,P007,عطر الصندل الهندي 75 مل,عطور فاخرة,10,350.0,0
2026-07-21,P007,عطر الصندل الهندي 75 مل,عطور فاخرة,8,350.0,0
2026-07-22,P007,عطر الصندل الهندي 75 مل,عطور فاخرة,16,350.0,0
2026-07-23,P007,عطر الصندل الهندي 75 مل,عطور فاخرة,11,350.0,0
2026-07-24,P007,عطر الصندل الهندي 75 مل,عطور فاخرة,4,350.0,0
2026-07-25,P007,عطر الصندل الهندي 75 مل,عطور فاخرة,5,350.0,0
2026-07-26,P007,عطر الصندل الهندي 75 مل,عطور فاخرة,8,350.0,0
2026-07-27,P007,عطر الصندل الهندي 75 مل,عطور فاخرة,8,350.0,0
2026-07-28,P007,عطر الصندل الهندي 75 مل,عطور فاخرة,9,350.0,0
2026-07-29,P007,عطر الصندل الهندي 75 مل,عطور فاخرة,8,350.0,0
2026-07-30,P007,عطر الصندل الهندي 75 مل,عطور فاخرة,8,350.0,0
2026-07-31,P007,عطر الصندل الهندي 75 مل,عطور فاخرة,7,350.0,0
2026-08-01,P007,عطر الصندل الهندي 75 مل,عطور فاخرة,12,350.0,0
2026-08-02,P007,عطر الصندل الهندي 75 مل,عطور فاخرة,6,350.0,0
2026-08-03,P007,عطر الصندل الهندي 75 مل,عطور فاخرة,13,350.0,0
2026-08-04,P007,عطر الصندل الهندي 75 مل,عطور فاخرة,12,350.0,0
2026-08-05,P007,عطر الصندل الهندي 75 مل,عطور فاخرة,14,350.0,0
2026-08-06,P007,عطر الصندل الهندي 75 مل,عطور فاخرة,7,350.0,0
2026-08-07,P007,عطر الصندل الهندي 75 مل,عطور فاخرة,17,350.0,0
2026-08-08,P007,عطر الصندل الهندي 75 مل,عطور فاخرة,15,350.0,0
2026-08-09,P007,عطر الصندل الهندي 75 مل,عطور فاخرة,8,350.0,0
2026-08-10,P007,عطر الصندل الهندي 75 مل,عطور فاخرة,7,350.0,0
2026-08-11,P007,عطر الصندل الهندي 75 مل,عطور فاخرة,2,350.0,0
2026-08-12,P007,عطر الصندل الهندي 75 مل,عطور فاخرة,6,350.0,0
2026-08-13,P007,عطر الصندل الهندي 75 مل,عطور فاخرة,7,350.0,0
2026-08-14,P007,عطر الصندل الهندي 75 مل,عطور فاخرة,11,350.0,0
2026-08-15,P007,عطر الصندل الهندي 75 مل,عطور فاخرة,6,350.0,0
2026-08-16,P007,عطر الصندل الهندي 75 مل,عطور فاخرة,8,350.0,0
2026-08-17,P007,عطر الصندل الهندي 75 مل,عطور فاخرة,3,350.0,0
2026-08-18,P007,عطر الصندل الهندي 75 مل,عطور فاخرة,5,350.0,0
2026-08-19,P007,عطر الصندل الهندي 75 مل,عطور فاخرة,10,307.48,1
2026-08-20,P007,عطر الصندل الهندي 75 مل,عطور فاخرة,11,307.48,1
2026-08-21,P007,عطر الصندل الهندي 75 مل,عطور فاخرة,19,307.48,1
2026-08-22,P007,عطر الصندل الهندي 75 مل,عطور فاخرة,20,307.48,1
2026-08-23,P007,عطر الصندل الهندي 75 مل,عطور فاخرة,14,350.0,0
2026-08-24,P007,عطر الصندل الهندي 75 مل,عطور فاخرة,7,350.0,0
2026-08-25,P007,عطر الصندل الهندي 75 مل,عطور فاخرة,7,350.0,0
2026-08-26,P007,عطر الصندل الهندي 75 مل,عطور فاخرة,10,350.0,0
2026-08-27,P007,عطر الصندل الهندي 75 مل,عطور فاخرة,8,350.0,0
2026-08-28,P007,عطر الصندل الهندي 75 مل,عطور فاخرة,10,350.0,0
2026-08-29,P007,عطر الصندل الهندي 75 مل,عطور فاخرة,7,350.0,0
2026-08-30,P007,عطر الصندل الهندي 75 مل,عطور فاخرة,7,350.0,0
2026-08-31,P007,عطر الصندل الهندي 75 مل,عطور فاخرة,10,350.0,0
2026-09-01,P007,عطر الصندل الهندي 75 مل,عطور فاخرة,13,350.0,0
2026-09-02,P007,عطر الصندل الهندي 75 مل,عطور فاخرة,13,350.0,0
2026-09-03,P007,عطر الصندل الهندي 75 مل,عطور فاخرة,10,350.0,0
2026-09-04,P007,عطر الصندل الهندي 75 مل,عطور فاخرة,16,350.0,0
2026-09-05,P007,عطر الصندل الهندي 75 مل,عطور فاخرة,3,350.0,0
2026-09-06,P007,عطر الصندل الهندي 75 مل,عطور فاخرة,12,350.0,0
2026-09-07,P007,عطر الصندل الهندي 75 مل,عطور فاخرة,5,350.0,0
2026-09-08,P007,عطر الصندل الهندي 75 مل,عطور فاخرة,6,350.0,0
2026-09-09,P007,عطر الصندل الهندي 75 مل,عطور فاخرة,6,350.0,0
2026-09-10,P007,عطر الصندل الهندي 75 مل,عطور فاخرة,11,350.0,0
2026-09-11,P007,عطر الصندل الهندي 75 مل,عطور فاخرة,16,350.0,0
2026-09-12,P007,عطر الصندل الهندي 75 مل,عطور فاخرة,18,350.0,0
2026-03-17,P008,عطر الياسمين 50 مل,عطور نسائية,7,175.0,0
2026-03-18,P008,عطر الياسمين 50 مل,عطور نسائية,14,175.0,0
2026-03-19,P008,عطر الياسمين 50 مل,عطور نسائية,6,175.0,0
2026-03-20,P008,عطر الياسمين 50 مل,عطور نسائية,15,175.0,0
2026-03-21,P008,عطر الياسمين 50 مل,عطور نسائية,12,175.0,0
2026-03-22,P008,عطر الياسمين 50 مل,عطور نسائية,14,175.0,0
2026-03-23,P008,عطر الياسمين 50 مل,عطور نسائية,15,175.0,0
2026-03-24,P008,عطر الياسمين 50 مل,عطور نسائية,11,175.0,0
2026-03-25,P008,عطر الياسمين 50 مل,عطور نسائية,5,175.0,0
2026-03-26,P008,عطر الياسمين 50 مل,عطور نسائية,20,175.0,0
2026-03-27,P008,عطر الياسمين 50 مل,عطور نسائية,12,175.0,0
2026-03-28,P008,عطر الياسمين 50 مل,عطور نسائية,9,175.0,0
2026-03-29,P008,عطر الياسمين 50 مل,عطور نسائية,12,175.0,0
2026-03-30,P008,عطر الياسمين 50 مل,عطور نسائية,14,175.0,0
2026-03-31,P008,عطر الياسمين 50 مل,عطور نسائية,12,175.0,0
2026-04-01,P008,عطر الياسمين 50 مل,عطور نسائية,11,175.0,0
2026-04-02,P008,عطر الياسمين 50 مل,عطور نسائية,12,175.0,0
2026-04-03,P008,عطر الياسمين 50 مل,عطور نسائية,13,175.0,0
2026-04-04,P008,عطر الياسمين 50 مل,عطور نسائية,13,148.44,1
2026-04-05,P008,عطر الياسمين 50 مل,عطور نسائية,26,148.44,1
2026-04-06,P008,عطر الياسمين 50 مل,عطور نسائية,6,148.44,1
2026-04-07,P008,عطر الياسمين 50 مل,عطور نسائية,16,175.0,0
2026-04-08,P008,عطر الياسمين 50 مل,عطور نسائية,8,175.0,0
2026-04-09,P008,عطر الياسمين 50 مل,عطور نسائية,6,175.0,0
2026-04-10,P008,عطر الياسمين 50 مل,عطور نسائية,18,175.0,0
2026-04-11,P008,عطر الياسمين 50 مل,عطور نسائية,15,175.0,0
2026-04-12,P008,عطر الياسمين 50 مل,عطور نسائية,14,175.0,0
2026-04-13,P008,عطر الياسمين 50 مل,عطور نسائية,27,148.44,1
2026-04-14,P008,عطر الياسمين 50 مل,عطور نسائية,34,148.44,1
2026-04-15,P008,عطر الياسمين 50 مل,عطور نسائية,11,175.0,0
2026-04-16,P008,عطر الياسمين 50 مل,عطور نسائية,9,175.0,0
2026-04-17,P008,عطر الياسمين 50 مل,عطور نسائية,17,175.0,0
2026-04-18,P008,عطر الياسمين 50 مل,عطور نسائية,8,175.0,0
2026-04-19,P008,عطر الياسمين 50 مل,عطور نسائية,4,175.0,0
2026-04-20,P008,عطر الياسمين 50 مل,عطور نسائية,26,175.0,0
2026-04-21,P008,عطر الياسمين 50 مل,عطور نسائية,17,175.0,0
2026-04-22,P008,عطر الياسمين 50 مل,عطور نسائية,9,175.0,0
2026-04-23,P008,عطر الياسمين 50 مل,عطور نسائية,9,175.0,0
2026-04-24,P008,عطر الياسمين 50 مل,عطور نسائية,10,175.0,0
2026-04-25,P008,عطر الياسمين 50 مل,عطور نسائية,8,148.44,1
2026-04-26,P008,عطر الياسمين 50 مل,عطور نسائية,24,148.44,1
2026-04-27,P008,عطر الياسمين 50 مل,عطور نسائية,20,148.44,1
2026-04-28,P008,عطر الياسمين 50 مل,عطور نسائية,8,175.0,0
2026-04-29,P008,عطر الياسمين 50 مل,عطور نسائية,7,175.0,0
2026-04-30,P008,عطر الياسمين 50 مل,عطور نسائية,19,175.0,0
2026-05-01,P008,عطر الياسمين 50 مل,عطور نسائية,13,175.0,0
2026-05-02,P008,عطر الياسمين 50 مل,عطور نسائية,18,175.0,0
2026-05-03,P008,عطر الياسمين 50 مل,عطور نسائية,10,175.0,0
2026-05-04,P008,عطر الياسمين 50 مل,عطور نسائية,11,175.0,0
2026-05-05,P008,عطر الياسمين 50 مل,عطور نسائية,15,175.0,0
2026-05-06,P008,عطر الياسمين 50 مل,عطور نسائية,9,175.0,0
2026-05-07,P008,عطر الياسمين 50 مل,عطور نسائية,10,175.0,0
2026-05-08,P008,عطر الياسمين 50 مل,عطور نسائية,16,175.0,0
2026-05-09,P008,عطر الياسمين 50 مل,عطور نسائية,18,175.0,0
2026-05-10,P008,عطر الياسمين 50 مل,عطور نسائية,8,175.0,0
2026-05-11,P008,عطر الياسمين 50 مل,عطور نسائية,11,175.0,0
2026-05-12,P008,عطر الياسمين 50 مل,عطور نسائية,11,175.0,0
2026-05-13,P008,عطر الياسمين 50 مل,عطور نسائية,13,175.0,0
2026-05-14,P008,عطر الياسمين 50 مل,عطور نسائية,8,175.0,0
2026-05-15,P008,عطر الياسمين 50 مل,عطور نسائية,12,175.0,0
2026-05-16,P008,عطر الياسمين 50 مل,عطور نسائية,12,175.0,0
2026-05-17,P008,عطر الياسمين 50 مل,عطور نسائية,15,175.0,0
2026-05-18,P008,عطر الياسمين 50 مل,عطور نسائية,14,175.0,0
2026-05-19,P008,عطر الياسمين 50 مل,عطور نسائية,15,175.0,0
2026-05-20,P008,عطر الياسمين 50 مل,عطور نسائية,18,175.0,0
2026-05-21,P008,عطر الياسمين 50 مل,عطور نسائية,16,175.0,0
2026-05-22,P008,عطر الياسمين 50 مل,عطور نسائية,11,175.0,0
2026-05-23,P008,عطر الياسمين 50 مل,عطور نسائية,18,175.0,0
2026-05-24,P008,عطر الياسمين 50 مل,عطور نسائية,16,175.0,0
2026-05-25,P008,عطر الياسمين 50 مل,عطور نسائية,10,175.0,0
2026-05-26,P008,عطر الياسمين 50 مل,عطور نسائية,23,148.44,1
2026-05-27,P008,عطر الياسمين 50 مل,عطور نسائية,24,148.44,1
2026-05-28,P008,عطر الياسمين 50 مل,عطور نسائية,13,148.44,1
2026-05-29,P008,عطر الياسمين 50 مل,عطور نسائية,12,175.0,0
2026-05-30,P008,عطر الياسمين 50 مل,عطور نسائية,13,175.0,0
2026-05-31,P008,عطر الياسمين 50 مل,عطور نسائية,13,175.0,0
2026-06-01,P008,عطر الياسمين 50 مل,عطور نسائية,10,175.0,0
2026-06-02,P008,عطر الياسمين 50 مل,عطور نسائية,28,148.44,1
2026-06-03,P008,عطر الياسمين 50 مل,عطور نسائية,13,148.44,1
2026-06-04,P008,عطر الياسمين 50 مل,عطور نسائية,11,175.0,0
2026-06-05,P008,عطر الياسمين 50 مل,عطور نسائية,7,175.0,0
2026-06-06,P008,عطر الياسمين 50 مل,عطور نسائية,13,175.0,0
2026-06-07,P008,عطر الياسمين 50 مل,عطور نسائية,9,175.0,0
2026-06-08,P008,عطر الياسمين 50 مل,عطور نسائية,17,175.0,0
2026-06-09,P008,عطر الياسمين 50 مل,عطور نسائية,10,175.0,0
2026-06-10,P008,عطر الياسمين 50 مل,عطور نسائية,15,175.0,0
2026-06-11,P008,عطر الياسمين 50 مل,عطور نسائية,15,175.0,0
2026-06-12,P008,عطر الياسمين 50 مل,عطور نسائية,15,175.0,0
2026-06-13,P008,عطر الياسمين 50 مل,عطور نسائية,17,175.0,0
2026-06-14,P008,عطر الياسمين 50 مل,عطور نسائية,12,175.0,0
2026-06-15,P008,عطر الياسمين 50 مل,عطور نسائية,22,175.0,0
2026-06-16,P008,عطر الياسمين 50 مل,عطور نسائية,13,175.0,0
2026-06-17,P008,عطر الياسمين 50 مل,عطور نسائية,11,175.0,0
2026-06-18,P008,عطر الياسمين 50 مل,عطور نسائية,16,175.0,0
2026-06-19,P008,عطر الياسمين 50 مل,عطور نسائية,21,175.0,0
2026-06-20,P008,عطر الياسمين 50 مل,عطور نسائية,11,175.0,0
2026-06-21,P008,عطر الياسمين 50 مل,عطور نسائية,21,175.0,0
2026-06-22,P008,عطر الياسمين 50 مل,عطور نسائية,12,175.0,0
2026-06-23,P008,عطر الياسمين 50 مل,عطور نسائية,10,175.0,0
2026-06-24,P008,عطر الياسمين 50 مل,عطور نسائية,11,175.0,0
2026-06-25,P008,عطر الياسمين 50 مل,عطور نسائية,12,175.0,0
2026-06-26,P008,عطر الياسمين 50 مل,عطور نسائية,22,175.0,0
2026-06-27,P008,عطر الياسمين 50 مل,عطور نسائية,5,175.0,0
2026-06-28,P008,عطر الياسمين 50 مل,عطور نسائية,9,175.0,0
2026-06-29,P008,عطر الياسمين 50 مل,عطور نسائية,10,175.0,0
2026-06-30,P008,عطر الياسمين 50 مل,عطور نسائية,9,175.0,0
2026-07-01,P008,عطر الياسمين 50 مل,عطور نسائية,8,175.0,0
2026-07-02,P008,عطر الياسمين 50 مل,عطور نسائية,8,175.0,0
2026-07-03,P008,عطر الياسمين 50 مل,عطور نسائية,24,175.0,0
2026-07-04,P008,عطر الياسمين 50 مل,عطور نسائية,14,175.0,0
2026-07-05,P008,عطر الياسمين 50 مل,عطور نسائية,17,175.0,0
2026-07-06,P008,عطر الياسمين 50 مل,عطور نسائية,12,175.0,0
2026-07-07,P008,عطر الياسمين 50 مل,عطور نسائية,12,175.0,0
2026-07-08,P008,عطر الياسمين 50 مل,عطور نسائية,17,175.0,0
2026-07-09,P008,عطر الياسمين 50 مل,عطور نسائية,11,175.0,0
2026-07-10,P008,عطر الياسمين 50 مل,عطور نسائية,16,175.0,0
2026-07-11,P008,عطر الياسمين 50 مل,عطور نسائية,12,175.0,0
2026-07-12,P008,عطر الياسمين 50 مل,عطور نسائية,17,175.0,0
2026-07-13,P008,عطر الياسمين 50 مل,عطور نسائية,23,175.0,0
2026-07-14,P008,عطر الياسمين 50 مل,عطور نسائية,25,148.44,1
2026-07-15,P008,عطر الياسمين 50 مل,عطور نسائية,14,148.44,1
2026-07-16,P008,عطر الياسمين 50 مل,عطور نسائية,25,148.44,1
2026-07-17,P008,عطر الياسمين 50 مل,عطور نسائية,20,175.0,0
2026-07-18,P008,عطر الياسمين 50 مل,عطور نسائية,26,175.0,0
2026-07-19,P008,عطر الياسمين 50 مل,عطور نسائية,25,175.0,0
2026-07-20,P008,عطر الياسمين 50 مل,عطور نسائية,12,175.0,0
2026-07-21,P008,عطر الياسمين 50 مل,عطور نسائية,9,175.0,0
2026-07-22,P008,عطر الياسمين 50 مل,عطور نسائية,7,175.0,0
2026-07-23,P008,عطر الياسمين 50 مل,عطور نسائية,12,175.0,0
2026-07-24,P008,عطر الياسمين 50 مل,عطور نسائية,15,175.0,0
2026-07-25,P008,عطر الياسمين 50 مل,عطور نسائية,18,175.0,0
2026-07-26,P008,عطر الياسمين 50 مل,عطور نسائية,15,175.0,0
2026-07-27,P008,عطر الياسمين 50 مل,عطور نسائية,16,175.0,0
2026-07-28,P008,عطر الياسمين 50 مل,عطور نسائية,12,175.0,0
2026-07-29,P008,عطر الياسمين 50 مل,عطور نسائية,14,175.0,0
2026-07-30,P008,عطر الياسمين 50 مل,عطور نسائية,12,185.95,0
2026-07-31,P008,عطر الياسمين 50 مل,عطور نسائية,23,185.95,0
2026-08-01,P008,عطر الياسمين 50 مل,عطور نسائية,12,185.95,0
2026-08-02,P008,عطر الياسمين 50 مل,عطور نسائية,10,185.95,0
2026-08-03,P008,عطر الياسمين 50 مل,عطور نسائية,13,185.95,0
2026-08-04,P008,عطر الياسمين 50 مل,عطور نسائية,12,185.95,0
2026-08-05,P008,عطر الياسمين 50 مل,عطور نسائية,11,185.95,0
2026-08-06,P008,عطر الياسمين 50 مل,عطور نسائية,18,185.95,0
2026-08-07,P008,عطر الياسمين 50 مل,عطور نسائية,13,185.95,0
2026-08-08,P008,عطر الياسمين 50 مل,عطور نسائية,13,185.95,0
2026-08-09,P008,عطر الياسمين 50 مل,عطور نسائية,12,185.95,0
2026-08-10,P008,عطر الياسمين 50 مل,عطور نسائية,12,185.95,0
2026-08-11,P008,عطر الياسمين 50 مل,عطور نسائية,12,185.95,0
2026-08-12,P008,عطر الياسمين 50 مل,عطور نسائية,15,185.95,0
2026-08-13,P008,عطر الياسمين 50 مل,عطور نسائية,12,185.95,0
2026-08-14,P008,عطر الياسمين 50 مل,عطور نسائية,4,185.95,0
2026-08-15,P008,عطر الياسمين 50 مل,عطور نسائية,24,185.95,0
2026-08-16,P008,عطر الياسمين 50 مل,عطور نسائية,22,185.95,0
2026-08-17,P008,عطر الياسمين 50 مل,عطور نسائية,18,185.95,0
2026-08-18,P008,عطر الياسمين 50 مل,عطور نسائية,27,185.95,0
2026-08-19,P008,عطر الياسمين 50 مل,عطور نسائية,14,185.95,0
2026-08-20,P008,عطر الياسمين 50 مل,عطور نسائية,17,185.95,0
2026-08-21,P008,عطر الياسمين 50 مل,عطور نسائية,18,185.95,0
2026-08-22,P008,عطر الياسمين 50 مل,عطور نسائية,8,185.95,0
2026-08-23,P008,عطر الياسمين 50 مل,عطور نسائية,13,185.95,0
2026-08-24,P008,عطر الياسمين 50 مل,عطور نسائية,14,185.95,0
2026-08-25,P008,عطر الياسمين 50 مل,عطور نسائية,19,185.95,0
2026-08-26,P008,عطر الياسمين 50 مل,عطور نسائية,21,185.95,0
2026-08-27,P008,عطر الياسمين 50 مل,عطور نسائية,12,185.95,0
2026-08-28,P008,عطر الياسمين 50 مل,عطور نسائية,12,185.95,0
2026-08-29,P008,عطر الياسمين 50 مل,عطور نسائية,17,185.95,0
2026-08-30,P008,عطر الياسمين 50 مل,عطور نسائية,28,185.95,0
2026-08-31,P008,عطر الياسمين 50 مل,عطور نسائية,21,185.95,0
2026-09-01,P008,عطر الياسمين 50 مل,عطور نسائية,13,185.95,0
2026-09-02,P008,عطر الياسمين 50 مل,عطور نسائية,13,185.95,0
2026-09-03,P008,عطر الياسمين 50 مل,عطور نسائية,9,185.95,0
2026-09-04,P008,عطر الياسمين 50 مل,عطور نسائية,16,185.95,0
2026-09-05,P008,عطر الياسمين 50 مل,عطور نسائية,19,185.95,0
2026-09-06,P008,عطر الياسمين 50 مل,عطور نسائية,9,185.95,0
2026-09-07,P008,عطر الياسمين 50 مل,عطور نسائية,14,185.95,0
2026-09-08,P008,عطر الياسمين 50 مل,عطور نسائية,19,185.95,0
2026-09-09,P008,عطر الياسمين 50 مل,عطور نسائية,7,185.95,0
2026-09-10,P008,عطر الياسمين 50 مل,عطور نسائية,7,185.95,0
2026-09-11,P008,عطر الياسمين 50 مل,عطور نسائية,7,185.95,0
2026-09-12,P008,عطر الياسمين 50 مل,عطور نسائية,16,185.95,0
2026-03-17,P009,معطر جسم منعش 200 مل,معطرات جسم,22,59.0,0
2026-03-18,P009,معطر جسم منعش 200 مل,معطرات جسم,21,59.0,0
2026-03-19,P009,معطر جسم منعش 200 مل,معطرات جسم,36,59.0,0
2026-03-20,P009,معطر جسم منعش 200 مل,معطرات جسم,29,59.0,0
2026-03-21,P009,معطر جسم منعش 200 مل,معطرات جسم,31,59.0,0
2026-03-22,P009,معطر جسم منعش 200 مل,معطرات جسم,46,50.23,1
2026-03-23,P009,معطر جسم منعش 200 مل,معطرات جسم,45,50.23,1
2026-03-24,P009,معطر جسم منعش 200 مل,معطرات جسم,45,50.23,1
2026-03-25,P009,معطر جسم منعش 200 مل,معطرات جسم,32,59.0,0
2026-03-26,P009,معطر جسم منعش 200 مل,معطرات جسم,17,59.0,0
2026-03-27,P009,معطر جسم منعش 200 مل,معطرات جسم,34,59.0,0
2026-03-28,P009,معطر جسم منعش 200 مل,معطرات جسم,42,59.0,0
2026-03-29,P009,معطر جسم منعش 200 مل,معطرات جسم,41,59.0,0
2026-03-30,P009,معطر جسم منعش 200 مل,معطرات جسم,36,59.0,0
2026-03-31,P009,معطر جسم منعش 200 مل,معطرات جسم,31,59.0,0
2026-04-01,P009,معطر جسم منعش 200 مل,معطرات جسم,41,59.0,0
2026-04-02,P009,معطر جسم منعش 200 مل,معطرات جسم,27,59.0,0
2026-04-03,P009,معطر جسم منعش 200 مل,معطرات جسم,22,59.0,0
2026-04-04,P009,معطر جسم منعش 200 مل,معطرات جسم,20,59.0,0
2026-04-05,P009,معطر جسم منعش 200 مل,معطرات جسم,37,59.0,0
2026-04-06,P009,معطر جسم منعش 200 مل,معطرات جسم,30,59.0,0
2026-04-07,P009,معطر جسم منعش 200 مل,معطرات جسم,38,59.0,0
2026-04-08,P009,معطر جسم منعش 200 مل,معطرات جسم,41,59.0,0
2026-04-09,P009,معطر جسم منعش 200 مل,معطرات جسم,28,59.0,0
2026-04-10,P009,معطر جسم منعش 200 مل,معطرات جسم,42,59.0,0
2026-04-11,P009,معطر جسم منعش 200 مل,معطرات جسم,34,59.0,0
2026-04-12,P009,معطر جسم منعش 200 مل,معطرات جسم,26,59.0,0
2026-04-13,P009,معطر جسم منعش 200 مل,معطرات جسم,41,59.0,0
2026-04-14,P009,معطر جسم منعش 200 مل,معطرات جسم,33,59.0,0
2026-04-15,P009,معطر جسم منعش 200 مل,معطرات جسم,23,59.0,0
2026-04-16,P009,معطر جسم منعش 200 مل,معطرات جسم,64,50.23,1
2026-04-17,P009,معطر جسم منعش 200 مل,معطرات جسم,65,50.23,1
2026-04-18,P009,معطر جسم منعش 200 مل,معطرات جسم,33,59.0,0
2026-04-19,P009,معطر جسم منعش 200 مل,معطرات جسم,43,59.0,0
2026-04-20,P009,معطر جسم منعش 200 مل,معطرات جسم,51,59.0,0
2026-04-21,P009,معطر جسم منعش 200 مل,معطرات جسم,21,59.0,0
2026-04-22,P009,معطر جسم منعش 200 مل,معطرات جسم,57,59.0,0
2026-04-23,P009,معطر جسم منعش 200 مل,معطرات جسم,24,59.0,0
2026-04-24,P009,معطر جسم منعش 200 مل,معطرات جسم,29,59.0,0
2026-04-25,P009,معطر جسم منعش 200 مل,معطرات جسم,50,59.0,0
2026-04-26,P009,معطر جسم منعش 200 مل,معطرات جسم,21,59.0,0
2026-04-27,P009,معطر جسم منعش 200 مل,معطرات جسم,31,59.0,0
2026-04-28,P009,معطر جسم منعش 200 مل,معطرات جسم,34,59.0,0
2026-04-29,P009,معطر جسم منعش 200 مل,معطرات جسم,42,59.0,0
2026-04-30,P009,معطر جسم منعش 200 مل,معطرات جسم,20,59.0,0
2026-05-01,P009,معطر جسم منعش 200 مل,معطرات جسم,50,59.0,0
2026-05-02,P009,معطر جسم منعش 200 مل,معطرات جسم,70,59.0,0
2026-05-03,P009,معطر جسم منعش 200 مل,معطرات جسم,17,59.0,0
2026-05-04,P009,معطر جسم منعش 200 مل,معطرات جسم,36,59.0,0
2026-05-05,P009,معطر جسم منعش 200 مل,معطرات جسم,24,59.0,0
2026-05-06,P009,معطر جسم منعش 200 مل,معطرات جسم,41,59.0,0
2026-05-07,P009,معطر جسم منعش 200 مل,معطرات جسم,44,59.0,0
2026-05-08,P009,معطر جسم منعش 200 مل,معطرات جسم,20,59.0,0
2026-05-09,P009,معطر جسم منعش 200 مل,معطرات جسم,42,59.0,0
2026-05-10,P009,معطر جسم منعش 200 مل,معطرات جسم,21,59.0,0
2026-05-11,P009,معطر جسم منعش 200 مل,معطرات جسم,45,59.0,0
2026-05-12,P009,معطر جسم منعش 200 مل,معطرات جسم,30,59.0,0
2026-05-13,P009,معطر جسم منعش 200 مل,معطرات جسم,42,59.0,0
2026-05-14,P009,معطر جسم منعش 200 مل,معطرات جسم,45,59.0,0
2026-05-15,P009,معطر جسم منعش 200 مل,معطرات جسم,46,59.0,0
2026-05-16,P009,معطر جسم منعش 200 مل,معطرات جسم,34,59.0,0
2026-05-17,P009,معطر جسم منعش 200 مل,معطرات جسم,64,59.0,0
2026-05-18,P009,معطر جسم منعش 200 مل,معطرات جسم,50,59.0,0
2026-05-19,P009,معطر جسم منعش 200 مل,معطرات جسم,41,59.0,0
2026-05-20,P009,معطر جسم منعش 200 مل,معطرات جسم,40,59.0,0
2026-05-21,P009,معطر جسم منعش 200 مل,معطرات جسم,39,59.0,0
2026-05-22,P009,معطر جسم منعش 200 مل,معطرات جسم,40,59.0,0
2026-05-23,P009,معطر جسم منعش 200 مل,معطرات جسم,72,50.23,1
2026-05-24,P009,معطر جسم منعش 200 مل,معطرات جسم,74,50.23,1
2026-05-25,P009,معطر جسم منعش 200 مل,معطرات جسم,65,50.23,1
2026-05-26,P009,معطر جسم منعش 200 مل,معطرات جسم,77,50.23,1
2026-05-27,P009,معطر جسم منعش 200 مل,معطرات جسم,71,50.23,1
2026-05-28,P009,معطر جسم منعش 200 مل,معطرات جسم,35,59.0,0
2026-05-29,P009,معطر جسم منعش 200 مل,معطرات جسم,49,59.0,0
2026-05-30,P009,معطر جسم منعش 200 مل,معطرات جسم,54,59.0,0
2026-05-31,P009,معطر جسم منعش 200 مل,معطرات جسم,39,59.0,0
2026-06-01,P009,معطر جسم منعش 200 مل,معطرات جسم,42,59.0,0
2026-06-02,P009,معطر جسم منعش 200 مل,معطرات جسم,32,59.0,0
2026-06-03,P009,معطر جسم منعش 200 مل,معطرات جسم,31,59.0,0
2026-06-04,P009,معطر جسم منعش 200 مل,معطرات جسم,30,59.0,0
2026-06-05,P009,معطر جسم منعش 200 مل,معطرات جسم,34,59.0,0
2026-06-06,P009,معطر جسم منعش 200 مل,معطرات جسم,34,59.0,0
2026-06-07,P009,معطر جسم منعش 200 مل,معطرات جسم,59,50.23,1
2026-06-08,P009,معطر جسم منعش 200 مل,معطرات جسم,90,50.23,1
2026-06-09,P009,معطر جسم منعش 200 مل,معطرات جسم,24,59.0,0
2026-06-10,P009,معطر جسم منعش 200 مل,معطرات جسم,49,59.0,0
2026-06-11,P009,معطر جسم منعش 200 مل,معطرات جسم,69,59.0,0
2026-06-12,P009,معطر جسم منعش 200 مل,معطرات جسم,45,59.0,0
2026-06-13,P009,معطر جسم منعش 200 مل,معطرات جسم,58,59.0,0
2026-06-14,P009,معطر جسم منعش 200 مل,معطرات جسم,37,59.0,0
2026-06-15,P009,معطر جسم منعش 200 مل,معطرات جسم,34,59.0,0
2026-06-16,P009,معطر جسم منعش 200 مل,معطرات جسم,41,59.0,0
2026-06-17,P009,معطر جسم منعش 200 مل,معطرات جسم,48,59.0,0
2026-06-18,P009,معطر جسم منعش 200 مل,معطرات جسم,30,59.0,0
2026-06-19,P009,معطر جسم منعش 200 مل,معطرات جسم,45,59.0,0
2026-06-20,P009,معطر جسم منعش 200 مل,معطرات جسم,64,59.0,0
2026-06-21,P009,معطر جسم منعش 200 مل,معطرات جسم,33,59.0,0
2026-06-22,P009,معطر جسم منعش 200 مل,معطرات جسم,46,50.23,1
2026-06-23,P009,معطر جسم منعش 200 مل,معطرات جسم,64,50.23,1
2026-06-24,P009,معطر جسم منعش 200 مل,معطرات جسم,39,50.23,1
2026-06-25,P009,معطر جسم منعش 200 مل,معطرات جسم,102,50.23,1
2026-06-26,P009,معطر جسم منعش 200 مل,معطرات جسم,43,59.0,0
2026-06-27,P009,معطر جسم منعش 200 مل,معطرات جسم,42,59.0,0
2026-06-28,P009,معطر جسم منعش 200 مل,معطرات جسم,22,59.0,0
2026-06-29,P009,معطر جسم منعش 200 مل,معطرات جسم,25,59.0,0
2026-06-30,P009,معطر جسم منعش 200 مل,معطرات جسم,19,59.0,0
2026-07-01,P009,معطر جسم منعش 200 مل,معطرات جسم,57,59.0,0
2026-07-02,P009,معطر جسم منعش 200 مل,معطرات جسم,44,59.0,0
2026-07-03,P009,معطر جسم منعش 200 مل,معطرات جسم,32,59.0,0
2026-07-04,P009,معطر جسم منعش 200 مل,معطرات جسم,51,59.0,0
2026-07-05,P009,معطر جسم منعش 200 مل,معطرات جسم,38,59.0,0
2026-07-06,P009,معطر جسم منعش 200 مل,معطرات جسم,45,50.23,1
2026-07-07,P009,معطر جسم منعش 200 مل,معطرات جسم,47,50.23,1
2026-07-08,P009,معطر جسم منعش 200 مل,معطرات جسم,24,59.0,0
2026-07-09,P009,معطر جسم منعش 200 مل,معطرات جسم,29,59.0,0
2026-07-10,P009,معطر جسم منعش 200 مل,معطرات جسم,25,59.0,0
2026-07-11,P009,معطر جسم منعش 200 مل,معطرات جسم,54,59.0,0
2026-07-12,P009,معطر جسم منعش 200 مل,معطرات جسم,57,59.0,0
2026-07-13,P009,معطر جسم منعش 200 مل,معطرات جسم,30,59.0,0
2026-07-14,P009,معطر جسم منعش 200 مل,معطرات جسم,10,59.0,0
2026-07-15,P009,معطر جسم منعش 200 مل,معطرات جسم,19,59.0,0
2026-07-16,P009,معطر جسم منعش 200 مل,معطرات جسم,28,59.0,0
2026-07-17,P009,معطر جسم منعش 200 مل,معطرات جسم,34,59.0,0
2026-07-18,P009,معطر جسم منعش 200 مل,معطرات جسم,32,59.0,0
2026-07-19,P009,معطر جسم منعش 200 مل,معطرات جسم,37,59.0,0
2026-07-20,P009,معطر جسم منعش 200 مل,معطرات جسم,29,59.0,0
2026-07-21,P009,معطر جسم منعش 200 مل,معطرات جسم,22,59.0,0
2026-07-22,P009,معطر جسم منعش 200 مل,معطرات جسم,25,59.0,0
2026-07-23,P009,معطر جسم منعش 200 مل,معطرات جسم,39,59.0,0
2026-07-24,P009,معطر جسم منعش 200 مل,معطرات جسم,44,59.0,0
2026-07-25,P009,معطر جسم منعش 200 مل,معطرات جسم,52,59.0,0
2026-07-26,P009,معطر جسم منعش 200 مل,معطرات جسم,12,59.0,0
2026-07-27,P009,معطر جسم منعش 200 مل,معطرات جسم,23,59.0,0
2026-07-28,P009,معطر جسم منعش 200 مل,معطرات جسم,37,59.0,0
2026-07-29,P009,معطر جسم منعش 200 مل,معطرات جسم,39,59.0,0
2026-07-30,P009,معطر جسم منعش 200 مل,معطرات جسم,32,59.0,0
2026-07-31,P009,معطر جسم منعش 200 مل,معطرات جسم,29,59.0,0
2026-08-01,P009,معطر جسم منعش 200 مل,معطرات جسم,42,59.0,0
2026-08-02,P009,معطر جسم منعش 200 مل,معطرات جسم,15,59.0,0
2026-08-03,P009,معطر جسم منعش 200 مل,معطرات جسم,24,59.0,0
2026-08-04,P009,معطر جسم منعش 200 مل,معطرات جسم,19,59.0,0
2026-08-05,P009,معطر جسم منعش 200 مل,معطرات جسم,28,59.0,0
2026-08-06,P009,معطر جسم منعش 200 مل,معطرات جسم,37,59.0,0
2026-08-07,P009,معطر جسم منعش 200 مل,معطرات جسم,52,50.23,1
2026-08-08,P009,معطر جسم منعش 200 مل,معطرات جسم,64,50.23,1
2026-08-09,P009,معطر جسم منعش 200 مل,معطرات جسم,62,50.23,1
2026-08-10,P009,معطر جسم منعش 200 مل,معطرات جسم,22,59.0,0
2026-08-11,P009,معطر جسم منعش 200 مل,معطرات جسم,23,59.0,0
2026-08-12,P009,معطر جسم منعش 200 مل,معطرات جسم,31,59.0,0
2026-08-13,P009,معطر جسم منعش 200 مل,معطرات جسم,28,59.0,0
2026-08-14,P009,معطر جسم منعش 200 مل,معطرات جسم,82,50.23,1
2026-08-15,P009,معطر جسم منعش 200 مل,معطرات جسم,36,50.23,1
2026-08-16,P009,معطر جسم منعش 200 مل,معطرات جسم,46,50.23,1
2026-08-17,P009,معطر جسم منعش 200 مل,معطرات جسم,42,50.23,1
2026-08-18,P009,معطر جسم منعش 200 مل,معطرات جسم,17,59.0,0
2026-08-19,P009,معطر جسم منعش 200 مل,معطرات جسم,24,59.0,0
2026-08-20,P009,معطر جسم منعش 200 مل,معطرات جسم,22,59.0,0
2026-08-21,P009,معطر جسم منعش 200 مل,معطرات جسم,33,59.0,0
2026-08-22,P009,معطر جسم منعش 200 مل,معطرات جسم,21,59.0,0
2026-08-23,P009,معطر جسم منعش 200 مل,معطرات جسم,33,59.0,0
2026-08-24,P009,معطر جسم منعش 200 مل,معطرات جسم,31,59.0,0
2026-08-25,P009,معطر جسم منعش 200 مل,معطرات جسم,10,59.0,0
2026-08-26,P009,معطر جسم منعش 200 مل,معطرات جسم,15,59.0,0
2026-08-27,P009,معطر جسم منعش 200 مل,معطرات جسم,29,59.0,0
2026-08-28,P009,معطر جسم منعش 200 مل,معطرات جسم,23,59.0,0
2026-08-29,P009,معطر جسم منعش 200 مل,معطرات جسم,33,59.0,0
2026-08-30,P009,معطر جسم منعش 200 مل,معطرات جسم,74,50.23,1
2026-08-31,P009,معطر جسم منعش 200 مل,معطرات جسم,35,50.23,1
2026-09-01,P009,معطر جسم منعش 200 مل,معطرات جسم,52,50.23,1
2026-09-02,P009,معطر جسم منعش 200 مل,معطرات جسم,21,59.0,0
2026-09-03,P009,معطر جسم منعش 200 مل,معطرات جسم,27,59.0,0
2026-09-04,P009,معطر جسم منعش 200 مل,معطرات جسم,15,59.0,0
2026-09-05,P009,معطر جسم منعش 200 مل,معطرات جسم,32,59.0,0
2026-09-06,P009,معطر جسم منعش 200 مل,معطرات جسم,15,59.0,0
2026-09-07,P009,معطر جسم منعش 200 مل,معطرات جسم,29,59.0,0
2026-09-08,P009,معطر جسم منعش 200 مل,معطرات جسم,24,59.0,0
2026-09-09,P009,معطر جسم منعش 200 مل,معطرات جسم,34,59.0,0
2026-09-10,P009,معطر جسم منعش 200 مل,معطرات جسم,24,59.0,0
2026-09-11,P009,معطر جسم منعش 200 مل,معطرات جسم,31,59.0,0
2026-09-12,P009,معطر جسم منعش 200 مل,معطرات جسم,34,59.0,0
2026-03-17,P010,عطر الزعفران 30 مل,عطور فاخرة,6,395.0,0
2026-03-18,P010,عطر الزعفران 30 مل,عطور فاخرة,3,395.0,0
2026-03-19,P010,عطر الزعفران 30 مل,عطور فاخرة,10,395.0,0
2026-03-20,P010,عطر الزعفران 30 مل,عطور فاخرة,5,395.0,0
2026-03-21,P010,عطر الزعفران 30 مل,عطور فاخرة,10,395.0,0
2026-03-22,P010,عطر الزعفران 30 مل,عطور فاخرة,3,395.0,0
2026-03-23,P010,عطر الزعفران 30 مل,عطور فاخرة,2,395.0,0
2026-03-24,P010,عطر الزعفران 30 مل,عطور فاخرة,8,395.0,0
2026-03-25,P010,عطر الزعفران 30 مل,عطور فاخرة,6,395.0,0
2026-03-26,P010,عطر الزعفران 30 مل,عطور فاخرة,3,395.0,0
2026-03-27,P010,عطر الزعفران 30 مل,عطور فاخرة,3,395.0,0
2026-03-28,P010,عطر الزعفران 30 مل,عطور فاخرة,4,395.0,0
2026-03-29,P010,عطر الزعفران 30 مل,عطور فاخرة,13,395.0,0
2026-03-30,P010,عطر الزعفران 30 مل,عطور فاخرة,8,395.0,0
2026-03-31,P010,عطر الزعفران 30 مل,عطور فاخرة,7,395.0,0
2026-04-01,P010,عطر الزعفران 30 مل,عطور فاخرة,12,349.3,1
2026-04-02,P010,عطر الزعفران 30 مل,عطور فاخرة,11,349.3,1
2026-04-03,P010,عطر الزعفران 30 مل,عطور فاخرة,14,349.3,1
2026-04-04,P010,عطر الزعفران 30 مل,عطور فاخرة,15,349.3,1
2026-04-05,P010,عطر الزعفران 30 مل,عطور فاخرة,5,395.0,0
2026-04-06,P010,عطر الزعفران 30 مل,عطور فاخرة,8,395.0,0
2026-04-07,P010,عطر الزعفران 30 مل,عطور فاخرة,8,395.0,0
2026-04-08,P010,عطر الزعفران 30 مل,عطور فاخرة,4,395.0,0
2026-04-09,P010,عطر الزعفران 30 مل,عطور فاخرة,9,395.0,0
2026-04-10,P010,عطر الزعفران 30 مل,عطور فاخرة,5,395.0,0
2026-04-11,P010,عطر الزعفران 30 مل,عطور فاخرة,3,395.0,0
2026-04-12,P010,عطر الزعفران 30 مل,عطور فاخرة,6,395.0,0
2026-04-13,P010,عطر الزعفران 30 مل,عطور فاخرة,3,395.0,0
2026-04-14,P010,عطر الزعفران 30 مل,عطور فاخرة,4,395.0,0
2026-04-15,P010,عطر الزعفران 30 مل,عطور فاخرة,13,349.3,1
2026-04-16,P010,عطر الزعفران 30 مل,عطور فاخرة,11,349.3,1
2026-04-17,P010,عطر الزعفران 30 مل,عطور فاخرة,11,349.3,1
2026-04-18,P010,عطر الزعفران 30 مل,عطور فاخرة,17,349.3,1
2026-04-19,P010,عطر الزعفران 30 مل,عطور فاخرة,9,395.0,0
2026-04-20,P010,عطر الزعفران 30 مل,عطور فاخرة,4,395.0,0
2026-04-21,P010,عطر الزعفران 30 مل,عطور فاخرة,2,395.0,0
2026-04-22,P010,عطر الزعفران 30 مل,عطور فاخرة,10,395.0,0
2026-04-23,P010,عطر الزعفران 30 مل,عطور فاخرة,6,395.0,0
2026-04-24,P010,عطر الزعفران 30 مل,عطور فاخرة,7,395.0,0
2026-04-25,P010,عطر الزعفران 30 مل,عطور فاخرة,8,395.0,0
2026-04-26,P010,عطر الزعفران 30 مل,عطور فاخرة,3,395.0,0
2026-04-27,P010,عطر الزعفران 30 مل,عطور فاخرة,4,395.0,0
2026-04-28,P010,عطر الزعفران 30 مل,عطور فاخرة,13,395.0,0
2026-04-29,P010,عطر الزعفران 30 مل,عطور فاخرة,5,395.0,0
2026-04-30,P010,عطر الزعفران 30 مل,عطور فاخرة,4,395.0,0
2026-05-01,P010,عطر الزعفران 30 مل,عطور فاخرة,5,395.0,0
2026-05-02,P010,عطر الزعفران 30 مل,عطور فاخرة,9,395.0,0
2026-05-03,P010,عطر الزعفران 30 مل,عطور فاخرة,6,395.0,0
2026-05-04,P010,عطر الزعفران 30 مل,عطور فاخرة,4,395.0,0
2026-05-05,P010,عطر الزعفران 30 مل,عطور فاخرة,1,395.0,0
2026-05-06,P010,عطر الزعفران 30 مل,عطور فاخرة,5,395.0,0
2026-05-07,P010,عطر الزعفران 30 مل,عطور فاخرة,8,395.0,0
2026-05-08,P010,عطر الزعفران 30 مل,عطور فاخرة,9,395.0,0
2026-05-09,P010,عطر الزعفران 30 مل,عطور فاخرة,5,395.0,0
2026-05-10,P010,عطر الزعفران 30 مل,عطور فاخرة,4,395.0,0
2026-05-11,P010,عطر الزعفران 30 مل,عطور فاخرة,5,395.0,0
2026-05-12,P010,عطر الزعفران 30 مل,عطور فاخرة,10,395.0,0
2026-05-13,P010,عطر الزعفران 30 مل,عطور فاخرة,2,395.0,0
2026-05-14,P010,عطر الزعفران 30 مل,عطور فاخرة,3,395.0,0
2026-05-15,P010,عطر الزعفران 30 مل,عطور فاخرة,5,395.0,0
2026-05-16,P010,عطر الزعفران 30 مل,عطور فاخرة,10,395.0,0
2026-05-17,P010,عطر الزعفران 30 مل,عطور فاخرة,6,395.0,0
2026-05-18,P010,عطر الزعفران 30 مل,عطور فاخرة,2,395.0,0
2026-05-19,P010,عطر الزعفران 30 مل,عطور فاخرة,6,395.0,0
2026-05-20,P010,عطر الزعفران 30 مل,عطور فاخرة,11,395.0,0
2026-05-21,P010,عطر الزعفران 30 مل,عطور فاخرة,5,395.0,0
2026-05-22,P010,عطر الزعفران 30 مل,عطور فاخرة,7,395.0,0
2026-05-23,P010,عطر الزعفران 30 مل,عطور فاخرة,4,395.0,0
2026-05-24,P010,عطر الزعفران 30 مل,عطور فاخرة,7,395.0,0
2026-05-25,P010,عطر الزعفران 30 مل,عطور فاخرة,4,395.0,0
2026-05-26,P010,عطر الزعفران 30 مل,عطور فاخرة,6,395.0,0
2026-05-27,P010,عطر الزعفران 30 مل,عطور فاخرة,9,395.0,0
2026-05-28,P010,عطر الزعفران 30 مل,عطور فاخرة,7,395.0,0
2026-05-29,P010,عطر الزعفران 30 مل,عطور فاخرة,14,395.0,0
2026-05-30,P010,عطر الزعفران 30 مل,عطور فاخرة,9,395.0,0
2026-05-31,P010,عطر الزعفران 30 مل,عطور فاخرة,7,395.0,0
2026-06-01,P010,عطر الزعفران 30 مل,عطور فاخرة,4,395.0,0
2026-06-02,P010,عطر الزعفران 30 مل,عطور فاخرة,4,395.0,0
2026-06-03,P010,عطر الزعفران 30 مل,عطور فاخرة,5,395.0,0
2026-06-04,P010,عطر الزعفران 30 مل,عطور فاخرة,10,395.0,0
2026-06-05,P010,عطر الزعفران 30 مل,عطور فاخرة,7,395.0,0
2026-06-06,P010,عطر الزعفران 30 مل,عطور فاخرة,5,395.0,0
2026-06-07,P010,عطر الزعفران 30 مل,عطور فاخرة,3,395.0,0
2026-06-08,P010,عطر الزعفران 30 مل,عطور فاخرة,4,395.0,0
2026-06-09,P010,عطر الزعفران 30 مل,عطور فاخرة,6,395.0,0
2026-06-10,P010,عطر الزعفران 30 مل,عطور فاخرة,5,395.0,0
2026-06-11,P010,عطر الزعفران 30 مل,عطور فاخرة,5,395.0,0
2026-06-12,P010,عطر الزعفران 30 مل,عطور فاخرة,3,395.0,0
2026-06-13,P010,عطر الزعفران 30 مل,عطور فاخرة,10,395.0,0
2026-06-14,P010,عطر الزعفران 30 مل,عطور فاخرة,3,395.0,0
2026-06-15,P010,عطر الزعفران 30 مل,عطور فاخرة,5,395.0,0
2026-06-16,P010,عطر الزعفران 30 مل,عطور فاخرة,4,395.0,0
2026-06-17,P010,عطر الزعفران 30 مل,عطور فاخرة,4,395.0,0
2026-06-18,P010,عطر الزعفران 30 مل,عطور فاخرة,9,395.0,0
2026-06-19,P010,عطر الزعفران 30 مل,عطور فاخرة,7,395.0,0
2026-06-20,P010,عطر الزعفران 30 مل,عطور فاخرة,7,395.0,0
2026-06-21,P010,عطر الزعفران 30 مل,عطور فاخرة,8,395.0,0
2026-06-22,P010,عطر الزعفران 30 مل,عطور فاخرة,3,395.0,0
2026-06-23,P010,عطر الزعفران 30 مل,عطور فاخرة,4,395.0,0
2026-06-24,P010,عطر الزعفران 30 مل,عطور فاخرة,5,395.0,0
2026-06-25,P010,عطر الزعفران 30 مل,عطور فاخرة,7,395.0,0
2026-06-26,P010,عطر الزعفران 30 مل,عطور فاخرة,6,395.0,0
2026-06-27,P010,عطر الزعفران 30 مل,عطور فاخرة,5,395.0,0
2026-06-28,P010,عطر الزعفران 30 مل,عطور فاخرة,5,395.0,0
2026-06-29,P010,عطر الزعفران 30 مل,عطور فاخرة,10,395.0,0
2026-06-30,P010,عطر الزعفران 30 مل,عطور فاخرة,7,395.0,0
2026-07-01,P010,عطر الزعفران 30 مل,عطور فاخرة,12,395.0,0
2026-07-02,P010,عطر الزعفران 30 مل,عطور فاخرة,3,395.0,0
2026-07-03,P010,عطر الزعفران 30 مل,عطور فاخرة,4,395.0,0
2026-07-04,P010,عطر الزعفران 30 مل,عطور فاخرة,9,395.0,0
2026-07-05,P010,عطر الزعفران 30 مل,عطور فاخرة,14,395.0,0
2026-07-06,P010,عطر الزعفران 30 مل,عطور فاخرة,3,395.0,0
2026-07-07,P010,عطر الزعفران 30 مل,عطور فاخرة,2,395.0,0
2026-07-08,P010,عطر الزعفران 30 مل,عطور فاخرة,16,395.0,0
2026-07-09,P010,عطر الزعفران 30 مل,عطور فاخرة,9,395.0,0
2026-07-10,P010,عطر الزعفران 30 مل,عطور فاخرة,4,395.0,0
2026-07-11,P010,عطر الزعفران 30 مل,عطور فاخرة,5,395.0,0
2026-07-12,P010,عطر الزعفران 30 مل,عطور فاخرة,7,395.0,0
2026-07-13,P010,عطر الزعفران 30 مل,عطور فاخرة,4,395.0,0
2026-07-14,P010,عطر الزعفران 30 مل,عطور فاخرة,7,395.0,0
2026-07-15,P010,عطر الزعفران 30 مل,عطور فاخرة,10,395.0,0
2026-07-16,P010,عطر الزعفران 30 مل,عطور فاخرة,4,395.0,0
2026-07-17,P010,عطر الزعفران 30 مل,عطور فاخرة,7,395.0,0
2026-07-18,P010,عطر الزعفران 30 مل,عطور فاخرة,7,395.0,0
2026-07-19,P010,عطر الزعفران 30 مل,عطور فاخرة,6,395.0,0
2026-07-20,P010,عطر الزعفران 30 مل,عطور فاخرة,6,395.0,0
2026-07-21,P010,عطر الزعفران 30 مل,عطور فاخرة,2,395.0,0
2026-07-22,P010,عطر الزعفران 30 مل,عطور فاخرة,15,395.0,0
2026-07-23,P010,عطر الزعفران 30 مل,عطور فاخرة,3,395.0,0
2026-07-24,P010,عطر الزعفران 30 مل,عطور فاخرة,10,349.3,1
2026-07-25,P010,عطر الزعفران 30 مل,عطور فاخرة,16,349.3,1
2026-07-26,P010,عطر الزعفران 30 مل,عطور فاخرة,3,395.0,0
2026-07-27,P010,عطر الزعفران 30 مل,عطور فاخرة,9,395.0,0
2026-07-28,P010,عطر الزعفران 30 مل,عطور فاخرة,6,395.0,0
2026-07-29,P010,عطر الزعفران 30 مل,عطور فاخرة,9,395.0,0
2026-07-30,P010,عطر الزعفران 30 مل,عطور فاخرة,2,395.0,0
2026-07-31,P010,عطر الزعفران 30 مل,عطور فاخرة,4,395.0,0
2026-08-01,P010,عطر الزعفران 30 مل,عطور فاخرة,11,395.0,0
2026-08-02,P010,عطر الزعفران 30 مل,عطور فاخرة,4,395.0,0
2026-08-03,P010,عطر الزعفران 30 مل,عطور فاخرة,4,395.0,0
2026-08-04,P010,عطر الزعفران 30 مل,عطور فاخرة,1,395.0,0
2026-08-05,P010,عطر الزعفران 30 مل,عطور فاخرة,9,395.0,0
2026-08-06,P010,عطر الزعفران 30 مل,عطور فاخرة,33,349.3,1
2026-08-07,P010,عطر الزعفران 30 مل,عطور فاخرة,26,349.3,1
2026-08-08,P010,عطر الزعفران 30 مل,عطور فاخرة,33,349.3,1
2026-08-09,P010,عطر الزعفران 30 مل,عطور فاخرة,17,349.3,1
2026-08-10,P010,عطر الزعفران 30 مل,عطور فاخرة,7,395.0,0
2026-08-11,P010,عطر الزعفران 30 مل,عطور فاخرة,8,395.0,0
2026-08-12,P010,عطر الزعفران 30 مل,عطور فاخرة,11,395.0,0
2026-08-13,P010,عطر الزعفران 30 مل,عطور فاخرة,4,395.0,0
2026-08-14,P010,عطر الزعفران 30 مل,عطور فاخرة,9,395.0,0
2026-08-15,P010,عطر الزعفران 30 مل,عطور فاخرة,23,349.3,1
2026-08-16,P010,عطر الزعفران 30 مل,عطور فاخرة,19,349.3,1
2026-08-17,P010,عطر الزعفران 30 مل,عطور فاخرة,12,349.3,1
2026-08-18,P010,عطر الزعفران 30 مل,عطور فاخرة,8,395.0,0
2026-08-19,P010,عطر الزعفران 30 مل,عطور فاخرة,4,395.0,0
2026-08-20,P010,عطر الزعفران 30 مل,عطور فاخرة,8,395.0,0
2026-08-21,P010,عطر الزعفران 30 مل,عطور فاخرة,6,395.0,0
2026-08-22,P010,عطر الزعفران 30 مل,عطور فاخرة,11,395.0,0
2026-08-23,P010,عطر الزعفران 30 مل,عطور فاخرة,10,395.0,0
2026-08-24,P010,عطر الزعفران 30 مل,عطور فاخرة,2,395.0,0
2026-08-25,P010,عطر الزعفران 30 مل,عطور فاخرة,4,395.0,0
2026-08-26,P010,عطر الزعفران 30 مل,عطور فاخرة,8,395.0,0
2026-08-27,P010,عطر الزعفران 30 مل,عطور فاخرة,9,395.0,0
2026-08-28,P010,عطر الزعفران 30 مل,عطور فاخرة,10,395.0,0
2026-08-29,P010,عطر الزعفران 30 مل,عطور فاخرة,5,395.0,0
2026-08-30,P010,عطر الزعفران 30 مل,عطور فاخرة,8,395.0,0
2026-08-31,P010,عطر الزعفران 30 مل,عطور فاخرة,6,395.0,0
2026-09-01,P010,عطر الزعفران 30 مل,عطور فاخرة,3,395.0,0
2026-09-02,P010,عطر الزعفران 30 مل,عطور فاخرة,5,395.0,0
2026-09-03,P010,عطر الزعفران 30 مل,عطور فاخرة,8,395.0,0
2026-09-04,P010,عطر الزعفران 30 مل,عطور فاخرة,12,395.0,0
2026-09-05,P010,عطر الزعفران 30 مل,عطور فاخرة,13,395.0,0
2026-09-06,P010,عطر الزعفران 30 مل,عطور فاخرة,8,395.0,0
2026-09-07,P010,عطر الزعفران 30 مل,عطور فاخرة,1,395.0,0
2026-09-08,P010,عطر الزعفران 30 مل,عطور فاخرة,3,395.0,0
2026-09-09,P010,عطر الزعفران 30 مل,عطور فاخرة,5,395.0,0
2026-09-10,P010,عطر الزعفران 30 مل,عطور فاخرة,12,395.0,0
2026-09-11,P010,عطر الزعفران 30 مل,عطور فاخرة,7,395.0,0
2026-09-12,P010,عطر الزعفران 30 مل,عطور فاخرة,4,395.0,0
2026-03-17,P011,بخاخ معطر منزل - عود 300 مل,معطرات منزل,16,79.0,0
2026-03-18,P011,بخاخ معطر منزل - عود 300 مل,معطرات منزل,26,79.0,0
2026-03-19,P011,بخاخ معطر منزل - عود 300 مل,معطرات منزل,24,79.0,0
2026-03-20,P011,بخاخ معطر منزل - عود 300 مل,معطرات منزل,48,79.0,0
2026-03-21,P011,بخاخ معطر منزل - عود 300 مل,معطرات منزل,15,79.0,0
2026-03-22,P011,بخاخ معطر منزل - عود 300 مل,معطرات منزل,7,79.0,0
2026-03-23,P011,بخاخ معطر منزل - عود 300 مل,معطرات منزل,18,79.0,0
2026-03-24,P011,بخاخ معطر منزل - عود 300 مل,معطرات منزل,23,79.0,0
2026-03-25,P011,بخاخ معطر منزل - عود 300 مل,معطرات منزل,19,79.0,0
2026-03-26,P011,بخاخ معطر منزل - عود 300 مل,معطرات منزل,34,79.0,0
2026-03-27,P011,بخاخ معطر منزل - عود 300 مل,معطرات منزل,19,79.0,0
2026-03-28,P011,بخاخ معطر منزل - عود 300 مل,معطرات منزل,38,68.54,1
2026-03-29,P011,بخاخ معطر منزل - عود 300 مل,معطرات منزل,82,68.54,1
2026-03-30,P011,بخاخ معطر منزل - عود 300 مل,معطرات منزل,48,68.54,1
2026-03-31,P011,بخاخ معطر منزل - عود 300 مل,معطرات منزل,71,68.54,1
2026-04-01,P011,بخاخ معطر منزل - عود 300 مل,معطرات منزل,23,79.0,0
2026-04-02,P011,بخاخ معطر منزل - عود 300 مل,معطرات منزل,22,79.0,0
2026-04-03,P011,بخاخ معطر منزل - عود 300 مل,معطرات منزل,34,79.0,0
2026-04-04,P011,بخاخ معطر منزل - عود 300 مل,معطرات منزل,24,79.0,0
2026-04-05,P011,بخاخ معطر منزل - عود 300 مل,معطرات منزل,20,79.0,0
2026-04-06,P011,بخاخ معطر منزل - عود 300 مل,معطرات منزل,16,79.0,0
2026-04-07,P011,بخاخ معطر منزل - عود 300 مل,معطرات منزل,22,79.0,0
2026-04-08,P011,بخاخ معطر منزل - عود 300 مل,معطرات منزل,22,79.0,0
2026-04-09,P011,بخاخ معطر منزل - عود 300 مل,معطرات منزل,49,68.54,1
2026-04-10,P011,بخاخ معطر منزل - عود 300 مل,معطرات منزل,30,68.54,1
2026-04-11,P011,بخاخ معطر منزل - عود 300 مل,معطرات منزل,45,79.0,0
2026-04-12,P011,بخاخ معطر منزل - عود 300 مل,معطرات منزل,15,79.0,0
2026-04-13,P011,بخاخ معطر منزل - عود 300 مل,معطرات منزل,21,79.0,0
2026-04-14,P011,بخاخ معطر منزل - عود 300 مل,معطرات منزل,21,79.0,0
2026-04-15,P011,بخاخ معطر منزل - عود 300 مل,معطرات منزل,29,79.0,0
2026-04-16,P011,بخاخ معطر منزل - عود 300 مل,معطرات منزل,13,79.0,0
2026-04-17,P011,بخاخ معطر منزل - عود 300 مل,معطرات منزل,23,79.0,0
2026-04-18,P011,بخاخ معطر منزل - عود 300 مل,معطرات منزل,9,79.0,0
2026-04-19,P011,بخاخ معطر منزل - عود 300 مل,معطرات منزل,24,79.0,0
2026-04-20,P011,بخاخ معطر منزل - عود 300 مل,معطرات منزل,24,79.0,0
2026-04-21,P011,بخاخ معطر منزل - عود 300 مل,معطرات منزل,16,79.0,0
2026-04-22,P011,بخاخ معطر منزل - عود 300 مل,معطرات منزل,11,79.0,0
2026-04-23,P011,بخاخ معطر منزل - عود 300 مل,معطرات منزل,42,68.54,1
2026-04-24,P011,بخاخ معطر منزل - عود 300 مل,معطرات منزل,54,68.54,1
2026-04-25,P011,بخاخ معطر منزل - عود 300 مل,معطرات منزل,20,79.0,0
2026-04-26,P011,بخاخ معطر منزل - عود 300 مل,معطرات منزل,29,79.0,0
2026-04-27,P011,بخاخ معطر منزل - عود 300 مل,معطرات منزل,18,79.0,0
2026-04-28,P011,بخاخ معطر منزل - عود 300 مل,معطرات منزل,19,79.0,0
2026-04-29,P011,بخاخ معطر منزل - عود 300 مل,معطرات منزل,18,79.0,0
2026-04-30,P011,بخاخ معطر منزل - عود 300 مل,معطرات منزل,10,79.0,0
2026-05-01,P011,بخاخ معطر منزل - عود 300 مل,معطرات منزل,10,79.0,0
2026-05-02,P011,بخاخ معطر منزل - عود 300 مل,معطرات منزل,30,79.0,0
2026-05-03,P011,بخاخ معطر منزل - عود 300 مل,معطرات منزل,15,79.0,0
2026-05-04,P011,بخاخ معطر منزل - عود 300 مل,معطرات منزل,24,79.0,0
2026-05-05,P011,بخاخ معطر منزل - عود 300 مل,معطرات منزل,41,79.0,0
2026-05-06,P011,بخاخ معطر منزل - عود 300 مل,معطرات منزل,12,79.0,0
2026-05-07,P011,بخاخ معطر منزل - عود 300 مل,معطرات منزل,12,79.0,0
2026-05-08,P011,بخاخ معطر منزل - عود 300 مل,معطرات منزل,32,79.0,0
2026-05-09,P011,بخاخ معطر منزل - عود 300 مل,معطرات منزل,42,79.0,0
2026-05-10,P011,بخاخ معطر منزل - عود 300 مل,معطرات منزل,33,79.0,0
2026-05-11,P011,بخاخ معطر منزل - عود 300 مل,معطرات منزل,6,79.0,0
2026-05-12,P011,بخاخ معطر منزل - عود 300 مل,معطرات منزل,24,79.0,0
2026-05-13,P011,بخاخ معطر منزل - عود 300 مل,معطرات منزل,20,79.0,0
2026-05-14,P011,بخاخ معطر منزل - عود 300 مل,معطرات منزل,18,79.0,0
2026-05-15,P011,بخاخ معطر منزل - عود 300 مل,معطرات منزل,30,79.0,0
2026-05-16,P011,بخاخ معطر منزل - عود 300 مل,معطرات منزل,32,79.0,0
2026-05-17,P011,بخاخ معطر منزل - عود 300 مل,معطرات منزل,15,79.0,0
2026-05-18,P011,بخاخ معطر منزل - عود 300 مل,معطرات منزل,29,79.0,0
2026-05-19,P011,بخاخ معطر منزل - عود 300 مل,معطرات منزل,16,79.0,0
2026-05-20,P011,بخاخ معطر منزل - عود 300 مل,معطرات منزل,15,79.0,0
2026-05-21,P011,بخاخ معطر منزل - عود 300 مل,معطرات منزل,21,79.0,0
2026-05-22,P011,بخاخ معطر منزل - عود 300 مل,معطرات منزل,19,79.0,0
2026-05-23,P011,بخاخ معطر منزل - عود 300 مل,معطرات منزل,9,79.0,0
2026-05-24,P011,بخاخ معطر منزل - عود 300 مل,معطرات منزل,30,79.0,0
2026-05-25,P011,بخاخ معطر منزل - عود 300 مل,معطرات منزل,26,79.0,0
2026-05-26,P011,بخاخ معطر منزل - عود 300 مل,معطرات منزل,9,79.0,0
2026-05-27,P011,بخاخ معطر منزل - عود 300 مل,معطرات منزل,22,79.0,0
2026-05-28,P011,بخاخ معطر منزل - عود 300 مل,معطرات منزل,26,79.0,0
2026-05-29,P011,بخاخ معطر منزل - عود 300 مل,معطرات منزل,19,79.0,0
2026-05-30,P011,بخاخ معطر منزل - عود 300 مل,معطرات منزل,26,79.0,0
2026-05-31,P011,بخاخ معطر منزل - عود 300 مل,معطرات منزل,10,79.0,0
2026-06-01,P011,بخاخ معطر منزل - عود 300 مل,معطرات منزل,16,79.0,0
2026-06-02,P011,بخاخ معطر منزل - عود 300 مل,معطرات منزل,15,79.0,0
2026-06-03,P011,بخاخ معطر منزل - عود 300 مل,معطرات منزل,31,79.0,0
2026-06-04,P011,بخاخ معطر منزل - عود 300 مل,معطرات منزل,15,79.0,0
2026-06-05,P011,بخاخ معطر منزل - عود 300 مل,معطرات منزل,25,79.0,0
2026-06-06,P011,بخاخ معطر منزل - عود 300 مل,معطرات منزل,40,79.0,0
2026-06-07,P011,بخاخ معطر منزل - عود 300 مل,معطرات منزل,18,79.0,0
2026-06-08,P011,بخاخ معطر منزل - عود 300 مل,معطرات منزل,28,79.0,0
2026-06-09,P011,بخاخ معطر منزل - عود 300 مل,معطرات منزل,22,79.0,0
2026-06-10,P011,بخاخ معطر منزل - عود 300 مل,معطرات منزل,31,79.0,0
2026-06-11,P011,بخاخ معطر منزل - عود 300 مل,معطرات منزل,35,68.54,1
2026-06-12,P011,بخاخ معطر منزل - عود 300 مل,معطرات منزل,50,68.54,1
2026-06-13,P011,بخاخ معطر منزل - عود 300 مل,معطرات منزل,38,68.54,1
2026-06-14,P011,بخاخ معطر منزل - عود 300 مل,معطرات منزل,48,68.54,1
2026-06-15,P011,بخاخ معطر منزل - عود 300 مل,معطرات منزل,25,79.0,0
2026-06-16,P011,بخاخ معطر منزل - عود 300 مل,معطرات منزل,20,79.0,0
2026-06-17,P011,بخاخ معطر منزل - عود 300 مل,معطرات منزل,20,79.0,0
2026-06-18,P011,بخاخ معطر منزل - عود 300 مل,معطرات منزل,30,79.0,0
2026-06-19,P011,بخاخ معطر منزل - عود 300 مل,معطرات منزل,29,79.0,0
2026-06-20,P011,بخاخ معطر منزل - عود 300 مل,معطرات منزل,25,79.0,0
2026-06-21,P011,بخاخ معطر منزل - عود 300 مل,معطرات منزل,23,79.0,0
2026-06-22,P011,بخاخ معطر منزل - عود 300 مل,معطرات منزل,17,79.0,0
2026-06-23,P011,بخاخ معطر منزل - عود 300 مل,معطرات منزل,30,79.0,0
2026-06-24,P011,بخاخ معطر منزل - عود 300 مل,معطرات منزل,21,79.0,0
2026-06-25,P011,بخاخ معطر منزل - عود 300 مل,معطرات منزل,16,79.0,0
2026-06-26,P011,بخاخ معطر منزل - عود 300 مل,معطرات منزل,36,79.0,0
2026-06-27,P011,بخاخ معطر منزل - عود 300 مل,معطرات منزل,41,79.0,0
2026-06-28,P011,بخاخ معطر منزل - عود 300 مل,معطرات منزل,81,68.54,1
2026-06-29,P011,بخاخ معطر منزل - عود 300 مل,معطرات منزل,30,68.54,1
2026-06-30,P011,بخاخ معطر منزل - عود 300 مل,معطرات منزل,21,79.0,0
2026-07-01,P011,بخاخ معطر منزل - عود 300 مل,معطرات منزل,20,79.0,0
2026-07-02,P011,بخاخ معطر منزل - عود 300 مل,معطرات منزل,15,79.0,0
2026-07-03,P011,بخاخ معطر منزل - عود 300 مل,معطرات منزل,26,79.0,0
2026-07-04,P011,بخاخ معطر منزل - عود 300 مل,معطرات منزل,29,79.0,0
2026-07-05,P011,بخاخ معطر منزل - عود 300 مل,معطرات منزل,17,79.0,0
2026-07-06,P011,بخاخ معطر منزل - عود 300 مل,معطرات منزل,32,79.0,0
2026-07-07,P011,بخاخ معطر منزل - عود 300 مل,معطرات منزل,17,79.0,0
2026-07-08,P011,بخاخ معطر منزل - عود 300 مل,معطرات منزل,18,79.0,0
2026-07-09,P011,بخاخ معطر منزل - عود 300 مل,معطرات منزل,39,79.0,0
2026-07-10,P011,بخاخ معطر منزل - عود 300 مل,معطرات منزل,39,79.0,0
2026-07-11,P011,بخاخ معطر منزل - عود 300 مل,معطرات منزل,42,79.0,0
2026-07-12,P011,بخاخ معطر منزل - عود 300 مل,معطرات منزل,37,79.0,0
2026-07-13,P011,بخاخ معطر منزل - عود 300 مل,معطرات منزل,17,79.0,0
2026-07-14,P011,بخاخ معطر منزل - عود 300 مل,معطرات منزل,9,79.0,0
2026-07-15,P011,بخاخ معطر منزل - عود 300 مل,معطرات منزل,21,79.0,0
2026-07-16,P011,بخاخ معطر منزل - عود 300 مل,معطرات منزل,32,79.0,0
2026-07-17,P011,بخاخ معطر منزل - عود 300 مل,معطرات منزل,19,79.0,0
2026-07-18,P011,بخاخ معطر منزل - عود 300 مل,معطرات منزل,31,79.0,0
2026-07-19,P011,بخاخ معطر منزل - عود 300 مل,معطرات منزل,31,79.0,0
2026-07-20,P011,بخاخ معطر منزل - عود 300 مل,معطرات منزل,28,68.54,1
2026-07-21,P011,بخاخ معطر منزل - عود 300 مل,معطرات منزل,45,68.54,1
2026-07-22,P011,بخاخ معطر منزل - عود 300 مل,معطرات منزل,46,68.54,1
2026-07-23,P011,بخاخ معطر منزل - عود 300 مل,معطرات منزل,30,79.0,0
2026-07-24,P011,بخاخ معطر منزل - عود 300 مل,معطرات منزل,28,79.0,0
2026-07-25,P011,بخاخ معطر منزل - عود 300 مل,معطرات منزل,41,79.0,0
2026-07-26,P011,بخاخ معطر منزل - عود 300 مل,معطرات منزل,24,79.0,0
2026-07-27,P011,بخاخ معطر منزل - عود 300 مل,معطرات منزل,17,79.0,0
2026-07-28,P011,بخاخ معطر منزل - عود 300 مل,معطرات منزل,22,79.0,0
2026-07-29,P011,بخاخ معطر منزل - عود 300 مل,معطرات منزل,41,79.0,0
2026-07-30,P011,بخاخ معطر منزل - عود 300 مل,معطرات منزل,12,79.0,0
2026-07-31,P011,بخاخ معطر منزل - عود 300 مل,معطرات منزل,39,79.0,0
2026-08-01,P011,بخاخ معطر منزل - عود 300 مل,معطرات منزل,37,79.0,0
2026-08-02,P011,بخاخ معطر منزل - عود 300 مل,معطرات منزل,36,79.0,0
2026-08-03,P011,بخاخ معطر منزل - عود 300 مل,معطرات منزل,27,79.0,0
2026-08-04,P011,بخاخ معطر منزل - عود 300 مل,معطرات منزل,15,79.0,0
2026-08-05,P011,بخاخ معطر منزل - عود 300 مل,معطرات منزل,20,79.0,0
2026-08-06,P011,بخاخ معطر منزل - عود 300 مل,معطرات منزل,23,79.0,0
2026-08-07,P011,بخاخ معطر منزل - عود 300 مل,معطرات منزل,27,79.0,0
2026-08-08,P011,بخاخ معطر منزل - عود 300 مل,معطرات منزل,10,79.0,0
2026-08-09,P011,بخاخ معطر منزل - عود 300 مل,معطرات منزل,41,79.0,0
2026-08-10,P011,بخاخ معطر منزل - عود 300 مل,معطرات منزل,22,79.0,0
2026-08-11,P011,بخاخ معطر منزل - عود 300 مل,معطرات منزل,14,79.0,0
2026-08-12,P011,بخاخ معطر منزل - عود 300 مل,معطرات منزل,21,79.0,0
2026-08-13,P011,بخاخ معطر منزل - عود 300 مل,معطرات منزل,35,79.0,0
2026-08-14,P011,بخاخ معطر منزل - عود 300 مل,معطرات منزل,31,79.0,0
2026-08-15,P011,بخاخ معطر منزل - عود 300 مل,معطرات منزل,31,79.0,0
2026-08-16,P011,بخاخ معطر منزل - عود 300 مل,معطرات منزل,45,79.0,0
2026-08-17,P011,بخاخ معطر منزل - عود 300 مل,معطرات منزل,22,79.0,0
2026-08-18,P011,بخاخ معطر منزل - عود 300 مل,معطرات منزل,28,79.0,0
2026-08-19,P011,بخاخ معطر منزل - عود 300 مل,معطرات منزل,32,79.0,0
2026-08-20,P011,بخاخ معطر منزل - عود 300 مل,معطرات منزل,20,79.0,0
2026-08-21,P011,بخاخ معطر منزل - عود 300 مل,معطرات منزل,29,79.0,0
2026-08-22,P011,بخاخ معطر منزل - عود 300 مل,معطرات منزل,37,79.0,0
2026-08-23,P011,بخاخ معطر منزل - عود 300 مل,معطرات منزل,26,79.0,0
2026-08-24,P011,بخاخ معطر منزل - عود 300 مل,معطرات منزل,26,79.0,0
2026-08-25,P011,بخاخ معطر منزل - عود 300 مل,معطرات منزل,26,79.0,0
2026-08-26,P011,بخاخ معطر منزل - عود 300 مل,معطرات منزل,26,79.0,0
2026-08-27,P011,بخاخ معطر منزل - عود 300 مل,معطرات منزل,36,79.0,0
2026-08-28,P011,بخاخ معطر منزل - عود 300 مل,معطرات منزل,84,68.54,1
2026-08-29,P011,بخاخ معطر منزل - عود 300 مل,معطرات منزل,70,68.54,1
2026-08-30,P011,بخاخ معطر منزل - عود 300 مل,معطرات منزل,26,79.0,0
2026-08-31,P011,بخاخ معطر منزل - عود 300 مل,معطرات منزل,36,79.0,0
2026-09-01,P011,بخاخ معطر منزل - عود 300 مل,معطرات منزل,20,79.0,0
2026-09-02,P011,بخاخ معطر منزل - عود 300 مل,معطرات منزل,17,79.0,0
2026-09-03,P011,بخاخ معطر منزل - عود 300 مل,معطرات منزل,30,79.0,0
2026-09-04,P011,بخاخ معطر منزل - عود 300 مل,معطرات منزل,32,79.0,0
2026-09-05,P011,بخاخ معطر منزل - عود 300 مل,معطرات منزل,26,79.0,0
2026-09-06,P011,بخاخ معطر منزل - عود 300 مل,معطرات منزل,24,79.0,0
2026-09-07,P011,بخاخ معطر منزل - عود 300 مل,معطرات منزل,49,68.54,1
2026-09-08,P011,بخاخ معطر منزل - عود 300 مل,معطرات منزل,60,68.54,1
2026-09-09,P011,بخاخ معطر منزل - عود 300 مل,معطرات منزل,25,68.54,1
2026-09-10,P011,بخاخ معطر منزل - عود 300 مل,معطرات منزل,31,79.0,0
2026-09-11,P011,بخاخ معطر منزل - عود 300 مل,معطرات منزل,19,79.0,0
2026-09-12,P011,بخاخ معطر منزل - عود 300 مل,معطرات منزل,24,79.0,0
2026-03-17,P012,طقم هدايا عطور فاخر,هدايا,14,650.0,0
2026-03-18,P012,طقم هدايا عطور فاخر,هدايا,1,650.0,0
2026-03-19,P012,طقم هدايا عطور فاخر,هدايا,3,650.0,0
2026-03-20,P012,طقم هدايا عطور فاخر,هدايا,11,650.0,0
2026-03-21,P012,طقم هدايا عطور فاخر,هدايا,14,650.0,0
2026-03-22,P012,طقم هدايا عطور فاخر,هدايا,14,650.0,0
2026-03-23,P012,طقم هدايا عطور فاخر,هدايا,1,650.0,0
2026-03-24,P012,طقم هدايا عطور فاخر,هدايا,6,650.0,0
2026-03-25,P012,طقم هدايا عطور فاخر,هدايا,1,650.0,0
2026-03-26,P012,طقم هدايا عطور فاخر,هدايا,25,543.86,1
2026-03-27,P012,طقم هدايا عطور فاخر,هدايا,99,543.86,1
2026-03-28,P012,طقم هدايا عطور فاخر,هدايا,9,650.0,0
2026-03-29,P012,طقم هدايا عطور فاخر,هدايا,5,650.0,0
2026-03-30,P012,طقم هدايا عطور فاخر,هدايا,15,650.0,0
2026-03-31,P012,طقم هدايا عطور فاخر,هدايا,11,650.0,0
2026-04-01,P012,طقم هدايا عطور فاخر,هدايا,10,650.0,0
2026-04-02,P012,طقم هدايا عطور فاخر,هدايا,12,650.0,0
2026-04-03,P012,طقم هدايا عطور فاخر,هدايا,12,650.0,0
2026-04-04,P012,طقم هدايا عطور فاخر,هدايا,15,650.0,0
2026-04-05,P012,طقم هدايا عطور فاخر,هدايا,3,650.0,0
2026-04-06,P012,طقم هدايا عطور فاخر,هدايا,11,650.0,0
2026-04-07,P012,طقم هدايا عطور فاخر,هدايا,11,650.0,0
2026-04-08,P012,طقم هدايا عطور فاخر,هدايا,5,650.0,0
2026-04-09,P012,طقم هدايا عطور فاخر,هدايا,13,650.0,0
2026-04-10,P012,طقم هدايا عطور فاخر,هدايا,21,650.0,0
2026-04-11,P012,طقم هدايا عطور فاخر,هدايا,19,650.0,0
2026-04-12,P012,طقم هدايا عطور فاخر,هدايا,10,650.0,0
2026-04-13,P012,طقم هدايا عطور فاخر,هدايا,38,543.86,1
2026-04-14,P012,طقم هدايا عطور فاخر,هدايا,12,543.86,1
2026-04-15,P012,طقم هدايا عطور فاخر,هدايا,18,543.86,1
2026-04-16,P012,طقم هدايا عطور فاخر,هدايا,12,543.86,1
2026-04-17,P012,طقم هدايا عطور فاخر,هدايا,14,650.0,0
2026-04-18,P012,طقم هدايا عطور فاخر,هدايا,6,650.0,0
2026-04-19,P012,طقم هدايا عطور فاخر,هدايا,1,650.0,0
2026-04-20,P012,طقم هدايا عطور فاخر,هدايا,10,650.0,0
2026-04-21,P012,طقم هدايا عطور فاخر,هدايا,7,650.0,0
2026-04-22,P012,طقم هدايا عطور فاخر,هدايا,3,650.0,0
2026-04-23,P012,طقم هدايا عطور فاخر,هدايا,7,650.0,0
2026-04-24,P012,طقم هدايا عطور فاخر,هدايا,9,650.0,0
2026-04-25,P012,طقم هدايا عطور فاخر,هدايا,13,650.0,0
2026-04-26,P012,طقم هدايا عطور فاخر,هدايا,12,650.0,0
2026-04-27,P012,طقم هدايا عطور فاخر,هدايا,7,543.86,1
2026-04-28,P012,طقم هدايا عطور فاخر,هدايا,40,543.86,1
2026-04-29,P012,طقم هدايا عطور فاخر,هدايا,16,650.0,0
2026-04-30,P012,طقم هدايا عطور فاخر,هدايا,14,543.86,1
2026-05-01,P012,طقم هدايا عطور فاخر,هدايا,24,543.86,1
2026-05-02,P012,طقم هدايا عطور فاخر,هدايا,12,543.86,1
2026-05-03,P012,طقم هدايا عطور فاخر,هدايا,32,543.86,1
2026-05-04,P012,طقم هدايا عطور فاخر,هدايا,19,650.0,0
2026-05-05,P012,طقم هدايا عطور فاخر,هدايا,5,650.0,0
2026-05-06,P012,طقم هدايا عطور فاخر,هدايا,1,650.0,0
2026-05-07,P012,طقم هدايا عطور فاخر,هدايا,15,650.0,0
2026-05-08,P012,طقم هدايا عطور فاخر,هدايا,3,650.0,0
2026-05-09,P012,طقم هدايا عطور فاخر,هدايا,13,650.0,0
2026-05-10,P012,طقم هدايا عطور فاخر,هدايا,8,650.0,0
2026-05-11,P012,طقم هدايا عطور فاخر,هدايا,12,650.0,0
2026-05-12,P012,طقم هدايا عطور فاخر,هدايا,6,650.0,0
2026-05-13,P012,طقم هدايا عطور فاخر,هدايا,4,650.0,0
2026-05-14,P012,طقم هدايا عطور فاخر,هدايا,4,650.0,0
2026-05-15,P012,طقم هدايا عطور فاخر,هدايا,18,650.0,0
2026-05-16,P012,طقم هدايا عطور فاخر,هدايا,13,650.0,0
2026-05-17,P012,طقم هدايا عطور فاخر,هدايا,4,650.0,0
2026-05-18,P012,طقم هدايا عطور فاخر,هدايا,1,650.0,0
2026-05-19,P012,طقم هدايا عطور فاخر,هدايا,6,543.86,1
2026-05-20,P012,طقم هدايا عطور فاخر,هدايا,17,543.86,1
2026-05-21,P012,طقم هدايا عطور فاخر,هدايا,39,543.86,1
2026-05-22,P012,طقم هدايا عطور فاخر,هدايا,37,543.86,1
2026-05-23,P012,طقم هدايا عطور فاخر,هدايا,9,689.41,0
2026-05-24,P012,طقم هدايا عطور فاخر,هدايا,3,689.41,0
2026-05-25,P012,طقم هدايا عطور فاخر,هدايا,3,689.41,0
2026-05-26,P012,طقم هدايا عطور فاخر,هدايا,12,689.41,0
2026-05-27,P012,طقم هدايا عطور فاخر,هدايا,5,689.41,0
2026-05-28,P012,طقم هدايا عطور فاخر,هدايا,3,689.41,0
2026-05-29,P012,طقم هدايا عطور فاخر,هدايا,3,689.41,0
2026-05-30,P012,طقم هدايا عطور فاخر,هدايا,3,689.41,0
2026-05-31,P012,طقم هدايا عطور فاخر,هدايا,2,689.41,0
2026-06-01,P012,طقم هدايا عطور فاخر,هدايا,8,689.41,0
2026-06-02,P012,طقم هدايا عطور فاخر,هدايا,9,689.41,0
2026-06-03,P012,طقم هدايا عطور فاخر,هدايا,5,689.41,0
2026-06-04,P012,طقم هدايا عطور فاخر,هدايا,21,576.83,1
2026-06-05,P012,طقم هدايا عطور فاخر,هدايا,11,576.83,1
2026-06-06,P012,طقم هدايا عطور فاخر,هدايا,10,576.83,1
2026-06-07,P012,طقم هدايا عطور فاخر,هدايا,4,689.41,0
2026-06-08,P012,طقم هدايا عطور فاخر,هدايا,6,689.41,0
2026-06-09,P012,طقم هدايا عطور فاخر,هدايا,9,689.41,0
2026-06-10,P012,طقم هدايا عطور فاخر,هدايا,13,689.41,0
2026-06-11,P012,طقم هدايا عطور فاخر,هدايا,19,689.41,0
2026-06-12,P012,طقم هدايا عطور فاخر,هدايا,10,689.41,0
2026-06-13,P012,طقم هدايا عطور فاخر,هدايا,10,689.41,0
2026-06-14,P012,طقم هدايا عطور فاخر,هدايا,1,689.41,0
2026-06-15,P012,طقم هدايا عطور فاخر,هدايا,1,689.41,0
2026-06-16,P012,طقم هدايا عطور فاخر,هدايا,0,689.41,0
2026-06-17,P012,طقم هدايا عطور فاخر,هدايا,7,689.41,0
2026-06-18,P012,طقم هدايا عطور فاخر,هدايا,1,689.41,0
2026-06-19,P012,طقم هدايا عطور فاخر,هدايا,5,689.41,0
2026-06-20,P012,طقم هدايا عطور فاخر,هدايا,1,689.41,0
2026-06-21,P012,طقم هدايا عطور فاخر,هدايا,7,689.41,0
2026-06-22,P012,طقم هدايا عطور فاخر,هدايا,1,689.41,0
2026-06-23,P012,طقم هدايا عطور فاخر,هدايا,12,689.41,0
2026-06-24,P012,طقم هدايا عطور فاخر,هدايا,8,689.41,0
2026-06-25,P012,طقم هدايا عطور فاخر,هدايا,7,689.41,0
2026-06-26,P012,طقم هدايا عطور فاخر,هدايا,7,689.41,0
2026-06-27,P012,طقم هدايا عطور فاخر,هدايا,19,689.41,0
2026-06-28,P012,طقم هدايا عطور فاخر,هدايا,2,576.83,1
2026-06-29,P012,طقم هدايا عطور فاخر,هدايا,10,576.83,1
2026-06-30,P012,طقم هدايا عطور فاخر,هدايا,21,576.83,1
2026-07-01,P012,طقم هدايا عطور فاخر,هدايا,5,689.41,0
2026-07-02,P012,طقم هدايا عطور فاخر,هدايا,8,689.41,0
2026-07-03,P012,طقم هدايا عطور فاخر,هدايا,4,689.41,0
2026-07-04,P012,طقم هدايا عطور فاخر,هدايا,0,689.41,0
2026-07-05,P012,طقم هدايا عطور فاخر,هدايا,6,689.41,0
2026-07-06,P012,طقم هدايا عطور فاخر,هدايا,4,689.41,0
2026-07-07,P012,طقم هدايا عطور فاخر,هدايا,3,689.41,0
2026-07-08,P012,طقم هدايا عطور فاخر,هدايا,3,689.41,0
2026-07-09,P012,طقم هدايا عطور فاخر,هدايا,10,689.41,0
2026-07-10,P012,طقم هدايا عطور فاخر,هدايا,2,689.41,0
2026-07-11,P012,طقم هدايا عطور فاخر,هدايا,15,576.83,1
2026-07-12,P012,طقم هدايا عطور فاخر,هدايا,9,576.83,1
2026-07-13,P012,طقم هدايا عطور فاخر,هدايا,2,689.41,0
2026-07-14,P012,طقم هدايا عطور فاخر,هدايا,3,689.41,0
2026-07-15,P012,طقم هدايا عطور فاخر,هدايا,0,689.41,0
2026-07-16,P012,طقم هدايا عطور فاخر,هدايا,0,689.41,0
2026-07-17,P012,طقم هدايا عطور فاخر,هدايا,3,689.41,0
2026-07-18,P012,طقم هدايا عطور فاخر,هدايا,3,689.41,0
2026-07-19,P012,طقم هدايا عطور فاخر,هدايا,2,689.41,0
2026-07-20,P012,طقم هدايا عطور فاخر,هدايا,2,689.41,0
2026-07-21,P012,طقم هدايا عطور فاخر,هدايا,0,689.41,0
2026-07-22,P012,طقم هدايا عطور فاخر,هدايا,1,689.41,0
2026-07-23,P012,طقم هدايا عطور فاخر,هدايا,2,689.41,0
2026-07-24,P012,طقم هدايا عطور فاخر,هدايا,2,689.41,0
2026-07-25,P012,طقم هدايا عطور فاخر,هدايا,12,689.41,0
2026-07-26,P012,طقم هدايا عطور فاخر,هدايا,15,576.83,1
2026-07-27,P012,طقم هدايا عطور فاخر,هدايا,5,576.83,1
2026-07-28,P012,طقم هدايا عطور فاخر,هدايا,11,576.83,1
2026-07-29,P012,طقم هدايا عطور فاخر,هدايا,4,576.83,1
2026-07-30,P012,طقم هدايا عطور فاخر,هدايا,8,689.41,0
2026-07-31,P012,طقم هدايا عطور فاخر,هدايا,10,689.41,0
2026-08-01,P012,طقم هدايا عطور فاخر,هدايا,2,689.41,0
2026-08-02,P012,طقم هدايا عطور فاخر,هدايا,2,689.41,0
2026-08-03,P012,طقم هدايا عطور فاخر,هدايا,0,689.41,0
2026-08-04,P012,طقم هدايا عطور فاخر,هدايا,8,689.41,0
2026-08-05,P012,طقم هدايا عطور فاخر,هدايا,31,576.83,1
2026-08-06,P012,طقم هدايا عطور فاخر,هدايا,9,576.83,1
2026-08-07,P012,طقم هدايا عطور فاخر,هدايا,12,576.83,1
2026-08-08,P012,طقم هدايا عطور فاخر,هدايا,6,576.83,1
2026-08-09,P012,طقم هدايا عطور فاخر,هدايا,13,689.41,0
2026-08-10,P012,طقم هدايا عطور فاخر,هدايا,2,689.41,0
2026-08-11,P012,طقم هدايا عطور فاخر,هدايا,6,689.41,0
2026-08-12,P012,طقم هدايا عطور فاخر,هدايا,6,689.41,0
2026-08-13,P012,طقم هدايا عطور فاخر,هدايا,2,689.41,0
2026-08-14,P012,طقم هدايا عطور فاخر,هدايا,2,689.41,0
2026-08-15,P012,طقم هدايا عطور فاخر,هدايا,14,689.41,0
2026-08-16,P012,طقم هدايا عطور فاخر,هدايا,12,689.41,0
2026-08-17,P012,طقم هدايا عطور فاخر,هدايا,10,689.41,0
2026-08-18,P012,طقم هدايا عطور فاخر,هدايا,3,689.41,0
2026-08-19,P012,طقم هدايا عطور فاخر,هدايا,2,689.41,0
2026-08-20,P012,طقم هدايا عطور فاخر,هدايا,5,689.41,0
2026-08-21,P012,طقم هدايا عطور فاخر,هدايا,4,689.41,0
2026-08-22,P012,طقم هدايا عطور فاخر,هدايا,9,689.41,0
2026-08-23,P012,طقم هدايا عطور فاخر,هدايا,4,689.41,0
2026-08-24,P012,طقم هدايا عطور فاخر,هدايا,6,689.41,0
2026-08-25,P012,طقم هدايا عطور فاخر,هدايا,8,689.41,0
2026-08-26,P012,طقم هدايا عطور فاخر,هدايا,7,689.41,0
2026-08-27,P012,طقم هدايا عطور فاخر,هدايا,4,689.41,0
2026-08-28,P012,طقم هدايا عطور فاخر,هدايا,9,689.41,0
2026-08-29,P012,طقم هدايا عطور فاخر,هدايا,9,689.41,0
2026-08-30,P012,طقم هدايا عطور فاخر,هدايا,5,689.41,0
2026-08-31,P012,طقم هدايا عطور فاخر,هدايا,8,689.41,0
2026-09-01,P012,طقم هدايا عطور فاخر,هدايا,7,689.41,0
2026-09-02,P012,طقم هدايا عطور فاخر,هدايا,6,689.41,0
2026-09-03,P012,طقم هدايا عطور فاخر,هدايا,4,689.41,0
2026-09-04,P012,طقم هدايا عطور فاخر,هدايا,6,689.41,0
2026-09-05,P012,طقم هدايا عطور فاخر,هدايا,6,689.41,0
2026-09-06,P012,طقم هدايا عطور فاخر,هدايا,3,689.41,0
2026-09-07,P012,طقم هدايا عطور فاخر,هدايا,13,689.41,0
2026-09-08,P012,طقم هدايا عطور فاخر,هدايا,2,689.41,0
2026-09-09,P012,طقم هدايا عطور فاخر,هدايا,7,689.41,0
2026-09-10,P012,طقم هدايا عطور فاخر,هدايا,8,689.41,0
2026-09-11,P012,طقم هدايا عطور فاخر,هدايا,6,689.41,0
2026-09-12,P012,طقم هدايا عطور فاخر,هدايا,31,689.41,0
2026-03-17,P013,عطر التوت البري 50 مل,عطور نسائية,8,145.0,0
2026-03-18,P013,عطر التوت البري 50 مل,عطور نسائية,7,145.0,0
2026-03-19,P013,عطر التوت البري 50 مل,عطور نسائية,3,145.0,0
2026-03-20,P013,عطر التوت البري 50 مل,عطور نسائية,4,145.0,0
2026-03-21,P013,عطر التوت البري 50 مل,عطور نسائية,5,145.0,0
2026-03-22,P013,عطر التوت البري 50 مل,عطور نسائية,8,145.0,0
2026-03-23,P013,عطر التوت البري 50 مل,عطور نسائية,2,145.0,0
2026-03-24,P013,عطر التوت البري 50 مل,عطور نسائية,3,145.0,0
2026-03-25,P013,عطر التوت البري 50 مل,عطور نسائية,10,145.0,0
2026-03-26,P013,عطر التوت البري 50 مل,عطور نسائية,7,145.0,0
2026-03-27,P013,عطر التوت البري 50 مل,عطور نسائية,14,145.0,0
2026-03-28,P013,عطر التوت البري 50 مل,عطور نسائية,7,145.0,0
2026-03-29,P013,عطر التوت البري 50 مل,عطور نسائية,9,145.0,0
2026-03-30,P013,عطر التوت البري 50 مل,عطور نسائية,5,145.0,0
2026-03-31,P013,عطر التوت البري 50 مل,عطور نسائية,2,145.0,0
2026-04-01,P013,عطر التوت البري 50 مل,عطور نسائية,3,145.0,0
2026-04-02,P013,عطر التوت البري 50 مل,عطور نسائية,3,145.0,0
2026-04-03,P013,عطر التوت البري 50 مل,عطور نسائية,29,121.92,1
2026-04-04,P013,عطر التوت البري 50 مل,عطور نسائية,8,121.92,1
2026-04-05,P013,عطر التوت البري 50 مل,عطور نسائية,8,145.0,0
2026-04-06,P013,عطر التوت البري 50 مل,عطور نسائية,13,145.0,0
2026-04-07,P013,عطر التوت البري 50 مل,عطور نسائية,4,145.0,0
2026-04-08,P013,عطر التوت البري 50 مل,عطور نسائية,2,145.0,0
2026-04-09,P013,عطر التوت البري 50 مل,عطور نسائية,4,145.0,0
2026-04-10,P013,عطر التوت البري 50 مل,عطور نسائية,6,145.0,0
2026-04-11,P013,عطر التوت البري 50 مل,عطور نسائية,3,145.0,0
2026-04-12,P013,عطر التوت البري 50 مل,عطور نسائية,13,145.0,0
2026-04-13,P013,عطر التوت البري 50 مل,عطور نسائية,13,145.0,0
2026-04-14,P013,عطر التوت البري 50 مل,عطور نسائية,4,145.0,0
2026-04-15,P013,عطر التوت البري 50 مل,عطور نسائية,9,145.0,0
2026-04-16,P013,عطر التوت البري 50 مل,عطور نسائية,11,145.0,0
2026-04-17,P013,عطر التوت البري 50 مل,عطور نسائية,25,121.92,1
2026-04-18,P013,عطر التوت البري 50 مل,عطور نسائية,19,121.92,1
2026-04-19,P013,عطر التوت البري 50 مل,عطور نسائية,35,121.92,1
2026-04-20,P013,عطر التوت البري 50 مل,عطور نسائية,11,145.0,0
2026-04-21,P013,عطر التوت البري 50 مل,عطور نسائية,6,145.0,0
2026-04-22,P013,عطر التوت البري 50 مل,عطور نسائية,13,145.0,0
2026-04-23,P013,عطر التوت البري 50 مل,عطور نسائية,3,145.0,0
2026-04-24,P013,عطر التوت البري 50 مل,عطور نسائية,4,145.0,0
2026-04-25,P013,عطر التوت البري 50 مل,عطور نسائية,14,145.0,0
2026-04-26,P013,عطر التوت البري 50 مل,عطور نسائية,8,145.0,0
2026-04-27,P013,عطر التوت البري 50 مل,عطور نسائية,13,145.0,0
2026-04-28,P013,عطر التوت البري 50 مل,عطور نسائية,3,145.0,0
2026-04-29,P013,عطر التوت البري 50 مل,عطور نسائية,5,145.0,0
2026-04-30,P013,عطر التوت البري 50 مل,عطور نسائية,6,145.0,0
2026-05-01,P013,عطر التوت البري 50 مل,عطور نسائية,14,145.0,0
2026-05-02,P013,عطر التوت البري 50 مل,عطور نسائية,25,121.92,1
2026-05-03,P013,عطر التوت البري 50 مل,عطور نسائية,25,121.92,1
2026-05-04,P013,عطر التوت البري 50 مل,عطور نسائية,21,121.92,1
2026-05-05,P013,عطر التوت البري 50 مل,عطور نسائية,30,121.92,1
2026-05-06,P013,عطر التوت البري 50 مل,عطور نسائية,6,145.0,0
2026-05-07,P013,عطر التوت البري 50 مل,عطور نسائية,13,145.0,0
2026-05-08,P013,عطر التوت البري 50 مل,عطور نسائية,11,145.0,0
2026-05-09,P013,عطر التوت البري 50 مل,عطور نسائية,16,145.0,0
2026-05-10,P013,عطر التوت البري 50 مل,عطور نسائية,10,145.0,0
2026-05-11,P013,عطر التوت البري 50 مل,عطور نسائية,6,145.0,0
2026-05-12,P013,عطر التوت البري 50 مل,عطور نسائية,7,145.0,0
2026-05-13,P013,عطر التوت البري 50 مل,عطور نسائية,11,145.0,0
2026-05-14,P013,عطر التوت البري 50 مل,عطور نسائية,8,145.0,0
2026-05-15,P013,عطر التوت البري 50 مل,عطور نسائية,21,145.0,0
2026-05-16,P013,عطر التوت البري 50 مل,عطور نسائية,12,145.0,0
2026-05-17,P013,عطر التوت البري 50 مل,عطور نسائية,14,145.0,0
2026-05-18,P013,عطر التوت البري 50 مل,عطور نسائية,20,145.0,0
2026-05-19,P013,عطر التوت البري 50 مل,عطور نسائية,10,145.0,0
2026-05-20,P013,عطر التوت البري 50 مل,عطور نسائية,13,145.0,0
2026-05-21,P013,عطر التوت البري 50 مل,عطور نسائية,8,145.0,0
2026-05-22,P013,عطر التوت البري 50 مل,عطور نسائية,32,145.0,0
2026-05-23,P013,عطر التوت البري 50 مل,عطور نسائية,13,145.0,0
2026-05-24,P013,عطر التوت البري 50 مل,عطور نسائية,18,145.0,0
2026-05-25,P013,عطر التوت البري 50 مل,عطور نسائية,16,145.0,0
2026-05-26,P013,عطر التوت البري 50 مل,عطور نسائية,2,145.0,0
2026-05-27,P013,عطر التوت البري 50 مل,عطور نسائية,14,145.0,0
2026-05-28,P013,عطر التوت البري 50 مل,عطور نسائية,30,145.0,0
2026-05-29,P013,عطر التوت البري 50 مل,عطور نسائية,2,145.0,0
2026-05-30,P013,عطر التوت البري 50 مل,عطور نسائية,23,145.0,0
2026-05-31,P013,عطر التوت البري 50 مل,عطور نسائية,11,145.0,0
2026-06-01,P013,عطر التوت البري 50 مل,عطور نسائية,13,145.0,0
2026-06-02,P013,عطر التوت البري 50 مل,عطور نسائية,2,145.0,0
2026-06-03,P013,عطر التوت البري 50 مل,عطور نسائية,7,145.0,0
2026-06-04,P013,عطر التوت البري 50 مل,عطور نسائية,9,145.0,0
2026-06-05,P013,عطر التوت البري 50 مل,عطور نسائية,28,121.92,1
2026-06-06,P013,عطر التوت البري 50 مل,عطور نسائية,23,121.92,1
2026-06-07,P013,عطر التوت البري 50 مل,عطور نسائية,46,121.92,1
2026-06-08,P013,عطر التوت البري 50 مل,عطور نسائية,23,121.92,1
2026-06-09,P013,عطر التوت البري 50 مل,عطور نسائية,13,145.0,0
2026-06-10,P013,عطر التوت البري 50 مل,عطور نسائية,15,145.0,0
2026-06-11,P013,عطر التوت البري 50 مل,عطور نسائية,10,145.0,0
2026-06-12,P013,عطر التوت البري 50 مل,عطور نسائية,22,121.92,1
2026-06-13,P013,عطر التوت البري 50 مل,عطور نسائية,30,121.92,1
2026-06-14,P013,عطر التوت البري 50 مل,عطور نسائية,13,145.0,0
2026-06-15,P013,عطر التوت البري 50 مل,عطور نسائية,13,145.0,0
2026-06-16,P013,عطر التوت البري 50 مل,عطور نسائية,17,145.0,0
2026-06-17,P013,عطر التوت البري 50 مل,عطور نسائية,9,145.0,0
2026-06-18,P013,عطر التوت البري 50 مل,عطور نسائية,17,145.0,0
2026-06-19,P013,عطر التوت البري 50 مل,عطور نسائية,3,145.0,0
2026-06-20,P013,عطر التوت البري 50 مل,عطور نسائية,21,145.0,0
2026-06-21,P013,عطر التوت البري 50 مل,عطور نسائية,8,145.0,0
2026-06-22,P013,عطر التوت البري 50 مل,عطور نسائية,3,145.0,0
2026-06-23,P013,عطر التوت البري 50 مل,عطور نسائية,6,140.86,0
2026-06-24,P013,عطر التوت البري 50 مل,عطور نسائية,8,140.86,0
2026-06-25,P013,عطر التوت البري 50 مل,عطور نسائية,11,140.86,0
2026-06-26,P013,عطر التوت البري 50 مل,عطور نسائية,108,118.44,1
2026-06-27,P013,عطر التوت البري 50 مل,عطور نسائية,39,118.44,1
2026-06-28,P013,عطر التوت البري 50 مل,عطور نسائية,4,140.86,0
2026-06-29,P013,عطر التوت البري 50 مل,عطور نسائية,12,140.86,0
2026-06-30,P013,عطر التوت البري 50 مل,عطور نسائية,12,140.86,0
2026-07-01,P013,عطر التوت البري 50 مل,عطور نسائية,2,140.86,0
2026-07-02,P013,عطر التوت البري 50 مل,عطور نسائية,11,140.86,0
2026-07-03,P013,عطر التوت البري 50 مل,عطور نسائية,40,118.44,1
2026-07-04,P013,عطر التوت البري 50 مل,عطور نسائية,36,118.44,1
2026-07-05,P013,عطر التوت البري 50 مل,عطور نسائية,23,140.86,0
2026-07-06,P013,عطر التوت البري 50 مل,عطور نسائية,7,140.86,0
2026-07-07,P013,عطر التوت البري 50 مل,عطور نسائية,10,140.86,0
2026-07-08,P013,عطر التوت البري 50 مل,عطور نسائية,25,118.44,1
2026-07-09,P013,عطر التوت البري 50 مل,عطور نسائية,9,118.44,1
2026-07-10,P013,عطر التوت البري 50 مل,عطور نسائية,17,118.44,1
2026-07-11,P013,عطر التوت البري 50 مل,عطور نسائية,2,140.86,0
2026-07-12,P013,عطر التوت البري 50 مل,عطور نسائية,9,140.86,0
2026-07-13,P013,عطر التوت البري 50 مل,عطور نسائية,27,118.44,1
2026-07-14,P013,عطر التوت البري 50 مل,عطور نسائية,43,118.44,1
2026-07-15,P013,عطر التوت البري 50 مل,عطور نسائية,8,140.86,0
2026-07-16,P013,عطر التوت البري 50 مل,عطور نسائية,6,140.86,0
2026-07-17,P013,عطر التوت البري 50 مل,عطور نسائية,13,140.86,0
2026-07-18,P013,عطر التوت البري 50 مل,عطور نسائية,15,140.86,0
2026-07-19,P013,عطر التوت البري 50 مل,عطور نسائية,18,140.86,0
2026-07-20,P013,عطر التوت البري 50 مل,عطور نسائية,6,140.86,0
2026-07-21,P013,عطر التوت البري 50 مل,عطور نسائية,5,140.86,0
2026-07-22,P013,عطر التوت البري 50 مل,عطور نسائية,10,140.86,0
2026-07-23,P013,عطر التوت البري 50 مل,عطور نسائية,3,140.86,0
2026-07-24,P013,عطر التوت البري 50 مل,عطور نسائية,23,140.86,0
2026-07-25,P013,عطر التوت البري 50 مل,عطور نسائية,19,140.86,0
2026-07-26,P013,عطر التوت البري 50 مل,عطور نسائية,20,118.44,1
2026-07-27,P013,عطر التوت البري 50 مل,عطور نسائية,11,118.44,1
2026-07-28,P013,عطر التوت البري 50 مل,عطور نسائية,2,140.86,0
2026-07-29,P013,عطر التوت البري 50 مل,عطور نسائية,3,140.86,0
2026-07-30,P013,عطر التوت البري 50 مل,عطور نسائية,13,140.86,0
2026-07-31,P013,عطر التوت البري 50 مل,عطور نسائية,4,140.86,0
2026-08-01,P013,عطر التوت البري 50 مل,عطور نسائية,9,118.44,1
2026-08-02,P013,عطر التوت البري 50 مل,عطور نسائية,9,118.44,1
2026-08-03,P013,عطر التوت البري 50 مل,عطور نسائية,21,118.44,1
2026-08-04,P013,عطر التوت البري 50 مل,عطور نسائية,24,140.86,0
2026-08-05,P013,عطر التوت البري 50 مل,عطور نسائية,6,140.86,0
2026-08-06,P013,عطر التوت البري 50 مل,عطور نسائية,8,140.86,0
2026-08-07,P013,عطر التوت البري 50 مل,عطور نسائية,26,118.44,1
2026-08-08,P013,عطر التوت البري 50 مل,عطور نسائية,32,118.44,1
2026-08-09,P013,عطر التوت البري 50 مل,عطور نسائية,6,140.86,0
2026-08-10,P013,عطر التوت البري 50 مل,عطور نسائية,11,140.86,0
2026-08-11,P013,عطر التوت البري 50 مل,عطور نسائية,4,140.86,0
2026-08-12,P013,عطر التوت البري 50 مل,عطور نسائية,26,140.86,0
2026-08-13,P013,عطر التوت البري 50 مل,عطور نسائية,4,140.86,0
2026-08-14,P013,عطر التوت البري 50 مل,عطور نسائية,11,140.86,0
2026-08-15,P013,عطر التوت البري 50 مل,عطور نسائية,12,140.86,0
2026-08-16,P013,عطر التوت البري 50 مل,عطور نسائية,7,140.86,0
2026-08-17,P013,عطر التوت البري 50 مل,عطور نسائية,8,140.86,0
2026-08-18,P013,عطر التوت البري 50 مل,عطور نسائية,8,140.86,0
2026-08-19,P013,عطر التوت البري 50 مل,عطور نسائية,11,140.86,0
2026-08-20,P013,عطر التوت البري 50 مل,عطور نسائية,7,140.86,0
2026-08-21,P013,عطر التوت البري 50 مل,عطور نسائية,6,140.86,0
2026-08-22,P013,عطر التوت البري 50 مل,عطور نسائية,11,140.86,0
2026-08-23,P013,عطر التوت البري 50 مل,عطور نسائية,9,140.86,0
2026-08-24,P013,عطر التوت البري 50 مل,عطور نسائية,6,140.86,0
2026-08-25,P013,عطر التوت البري 50 مل,عطور نسائية,8,140.86,0
2026-08-26,P013,عطر التوت البري 50 مل,عطور نسائية,3,140.86,0
2026-08-27,P013,عطر التوت البري 50 مل,عطور نسائية,7,140.86,0
2026-08-28,P013,عطر التوت البري 50 مل,عطور نسائية,10,140.86,0
2026-08-29,P013,عطر التوت البري 50 مل,عطور نسائية,12,140.86,0
2026-08-30,P013,عطر التوت البري 50 مل,عطور نسائية,8,140.86,0
2026-08-31,P013,عطر التوت البري 50 مل,عطور نسائية,6,140.86,0
2026-09-01,P013,عطر التوت البري 50 مل,عطور نسائية,3,140.86,0
2026-09-02,P013,عطر التوت البري 50 مل,عطور نسائية,5,140.86,0
2026-09-03,P013,عطر التوت البري 50 مل,عطور نسائية,7,140.86,0
2026-09-04,P013,عطر التوت البري 50 مل,عطور نسائية,2,140.86,0
2026-09-05,P013,عطر التوت البري 50 مل,عطور نسائية,17,140.86,0
2026-09-06,P013,عطر التوت البري 50 مل,عطور نسائية,13,140.86,0
2026-09-07,P013,عطر التوت البري 50 مل,عطور نسائية,0,140.86,0
2026-09-08,P013,عطر التوت البري 50 مل,عطور نسائية,16,140.86,0
2026-09-09,P013,عطر التوت البري 50 مل,عطور نسائية,1,140.86,0
2026-09-10,P013,عطر التوت البري 50 مل,عطور نسائية,2,140.86,0
2026-09-11,P013,عطر التوت البري 50 مل,عطور نسائية,14,140.86,0
2026-09-12,P013,عطر التوت البري 50 مل,عطور نسائية,4,140.86,0
2026-03-17,P014,عطر الفانيلا الحلو 50 مل,عطور نسائية,22,130.0,0
2026-03-18,P014,عطر الفانيلا الحلو 50 مل,عطور نسائية,23,130.0,0
2026-03-19,P014,عطر الفانيلا الحلو 50 مل,عطور نسائية,12,130.0,0
2026-03-20,P014,عطر الفانيلا الحلو 50 مل,عطور نسائية,23,130.0,0
2026-03-21,P014,عطر الفانيلا الحلو 50 مل,عطور نسائية,5,130.0,0
2026-03-22,P014,عطر الفانيلا الحلو 50 مل,عطور نسائية,16,130.0,0
2026-03-23,P014,عطر الفانيلا الحلو 50 مل,عطور نسائية,15,130.0,0
2026-03-24,P014,عطر الفانيلا الحلو 50 مل,عطور نسائية,17,130.0,0
2026-03-25,P014,عطر الفانيلا الحلو 50 مل,عطور نسائية,7,130.0,0
2026-03-26,P014,عطر الفانيلا الحلو 50 مل,عطور نسائية,10,130.0,0
2026-03-27,P014,عطر الفانيلا الحلو 50 مل,عطور نسائية,8,130.0,0
2026-03-28,P014,عطر الفانيلا الحلو 50 مل,عطور نسائية,15,130.0,0
2026-03-29,P014,عطر الفانيلا الحلو 50 مل,عطور نسائية,12,130.0,0
2026-03-30,P014,عطر الفانيلا الحلو 50 مل,عطور نسائية,16,130.0,0
2026-03-31,P014,عطر الفانيلا الحلو 50 مل,عطور نسائية,11,130.0,0
2026-04-01,P014,عطر الفانيلا الحلو 50 مل,عطور نسائية,15,130.0,0
2026-04-02,P014,عطر الفانيلا الحلو 50 مل,عطور نسائية,27,130.0,0
2026-04-03,P014,عطر الفانيلا الحلو 50 مل,عطور نسائية,16,130.0,0
2026-04-04,P014,عطر الفانيلا الحلو 50 مل,عطور نسائية,10,130.0,0
2026-04-05,P014,عطر الفانيلا الحلو 50 مل,عطور نسائية,16,130.0,0
2026-04-06,P014,عطر الفانيلا الحلو 50 مل,عطور نسائية,12,130.0,0
2026-04-07,P014,عطر الفانيلا الحلو 50 مل,عطور نسائية,22,130.0,0
2026-04-08,P014,عطر الفانيلا الحلو 50 مل,عطور نسائية,16,130.0,0
2026-04-09,P014,عطر الفانيلا الحلو 50 مل,عطور نسائية,16,130.0,0
2026-04-10,P014,عطر الفانيلا الحلو 50 مل,عطور نسائية,5,130.0,0
2026-04-11,P014,عطر الفانيلا الحلو 50 مل,عطور نسائية,34,115.78,1
2026-04-12,P014,عطر الفانيلا الحلو 50 مل,عطور نسائية,36,115.78,1
2026-04-13,P014,عطر الفانيلا الحلو 50 مل,عطور نسائية,43,115.78,1
2026-04-14,P014,عطر الفانيلا الحلو 50 مل,عطور نسائية,36,115.78,1
2026-04-15,P014,عطر الفانيلا الحلو 50 مل,عطور نسائية,33,115.78,1
2026-04-16,P014,عطر الفانيلا الحلو 50 مل,عطور نسائية,32,115.78,1
2026-04-17,P014,عطر الفانيلا الحلو 50 مل,عطور نسائية,29,115.78,1
2026-04-18,P014,عطر الفانيلا الحلو 50 مل,عطور نسائية,30,115.78,1
2026-04-19,P014,عطر الفانيلا الحلو 50 مل,عطور نسائية,18,115.78,1
2026-04-20,P014,عطر الفانيلا الحلو 50 مل,عطور نسائية,23,130.0,0
2026-04-21,P014,عطر الفانيلا الحلو 50 مل,عطور نسائية,10,130.0,0
2026-04-22,P014,عطر الفانيلا الحلو 50 مل,عطور نسائية,17,130.0,0
2026-04-23,P014,عطر الفانيلا الحلو 50 مل,عطور نسائية,18,130.0,0
2026-04-24,P014,عطر الفانيلا الحلو 50 مل,عطور نسائية,22,130.0,0
2026-04-25,P014,عطر الفانيلا الحلو 50 مل,عطور نسائية,13,130.0,0
2026-04-26,P014,عطر الفانيلا الحلو 50 مل,عطور نسائية,11,130.0,0
2026-04-27,P014,عطر الفانيلا الحلو 50 مل,عطور نسائية,11,130.0,0
2026-04-28,P014,عطر الفانيلا الحلو 50 مل,عطور نسائية,22,130.0,0
2026-04-29,P014,عطر الفانيلا الحلو 50 مل,عطور نسائية,18,130.0,0
2026-04-30,P014,عطر الفانيلا الحلو 50 مل,عطور نسائية,24,130.0,0
2026-05-01,P014,عطر الفانيلا الحلو 50 مل,عطور نسائية,14,130.0,0
2026-05-02,P014,عطر الفانيلا الحلو 50 مل,عطور نسائية,20,130.0,0
2026-05-03,P014,عطر الفانيلا الحلو 50 مل,عطور نسائية,28,130.0,0
2026-05-04,P014,عطر الفانيلا الحلو 50 مل,عطور نسائية,15,130.0,0
2026-05-05,P014,عطر الفانيلا الحلو 50 مل,عطور نسائية,8,130.0,0
2026-05-06,P014,عطر الفانيلا الحلو 50 مل,عطور نسائية,17,130.0,0
2026-05-07,P014,عطر الفانيلا الحلو 50 مل,عطور نسائية,38,115.78,1
2026-05-08,P014,عطر الفانيلا الحلو 50 مل,عطور نسائية,15,115.78,1
2026-05-09,P014,عطر الفانيلا الحلو 50 مل,عطور نسائية,51,115.78,1
2026-05-10,P014,عطر الفانيلا الحلو 50 مل,عطور نسائية,3,130.0,0
2026-05-11,P014,عطر الفانيلا الحلو 50 مل,عطور نسائية,5,130.0,0
2026-05-12,P014,عطر الفانيلا الحلو 50 مل,عطور نسائية,25,130.0,0
2026-05-13,P014,عطر الفانيلا الحلو 50 مل,عطور نسائية,24,130.0,0
2026-05-14,P014,عطر الفانيلا الحلو 50 مل,عطور نسائية,11,130.0,0
2026-05-15,P014,عطر الفانيلا الحلو 50 مل,عطور نسائية,18,130.0,0
2026-05-16,P014,عطر الفانيلا الحلو 50 مل,عطور نسائية,22,130.0,0
2026-05-17,P014,عطر الفانيلا الحلو 50 مل,عطور نسائية,10,130.0,0
2026-05-18,P014,عطر الفانيلا الحلو 50 مل,عطور نسائية,15,130.0,0
2026-05-19,P014,عطر الفانيلا الحلو 50 مل,عطور نسائية,19,130.0,0
2026-05-20,P014,عطر الفانيلا الحلو 50 مل,عطور نسائية,15,130.0,0
2026-05-21,P014,عطر الفانيلا الحلو 50 مل,عطور نسائية,32,115.78,1
2026-05-22,P014,عطر الفانيلا الحلو 50 مل,عطور نسائية,30,115.78,1
2026-05-23,P014,عطر الفانيلا الحلو 50 مل,عطور نسائية,16,115.78,1
2026-05-24,P014,عطر الفانيلا الحلو 50 مل,عطور نسائية,29,115.78,1
2026-05-25,P014,عطر الفانيلا الحلو 50 مل,عطور نسائية,11,130.0,0
2026-05-26,P014,عطر الفانيلا الحلو 50 مل,عطور نسائية,20,130.0,0
2026-05-27,P014,عطر الفانيلا الحلو 50 مل,عطور نسائية,10,130.0,0
2026-05-28,P014,عطر الفانيلا الحلو 50 مل,عطور نسائية,25,130.0,0
2026-05-29,P014,عطر الفانيلا الحلو 50 مل,عطور نسائية,9,130.0,0
2026-05-30,P014,عطر الفانيلا الحلو 50 مل,عطور نسائية,12,130.0,0
2026-05-31,P014,عطر الفانيلا الحلو 50 مل,عطور نسائية,8,130.0,0
2026-06-01,P014,عطر الفانيلا الحلو 50 مل,عطور نسائية,11,130.0,0
2026-06-02,P014,عطر الفانيلا الحلو 50 مل,عطور نسائية,7,130.0,0
2026-06-03,P014,عطر الفانيلا الحلو 50 مل,عطور نسائية,10,130.0,0
2026-06-04,P014,عطر الفانيلا الحلو 50 مل,عطور نسائية,27,115.78,1
2026-06-05,P014,عطر الفانيلا الحلو 50 مل,عطور نسائية,23,115.78,1
2026-06-06,P014,عطر الفانيلا الحلو 50 مل,عطور نسائية,17,130.0,0
2026-06-07,P014,عطر الفانيلا الحلو 50 مل,عطور نسائية,15,130.0,0
2026-06-08,P014,عطر الفانيلا الحلو 50 مل,عطور نسائية,23,130.0,0
2026-06-09,P014,عطر الفانيلا الحلو 50 مل,عطور نسائية,10,130.0,0
2026-06-10,P014,عطر الفانيلا الحلو 50 مل,عطور نسائية,17,130.0,0
2026-06-11,P014,عطر الفانيلا الحلو 50 مل,عطور نسائية,10,130.0,0
2026-06-12,P014,عطر الفانيلا الحلو 50 مل,عطور نسائية,16,130.0,0
2026-06-13,P014,عطر الفانيلا الحلو 50 مل,عطور نسائية,17,130.0,0
2026-06-14,P014,عطر الفانيلا الحلو 50 مل,عطور نسائية,11,130.0,0
2026-06-15,P014,عطر الفانيلا الحلو 50 مل,عطور نسائية,14,130.0,0
2026-06-16,P014,عطر الفانيلا الحلو 50 مل,عطور نسائية,11,115.78,1
2026-06-17,P014,عطر الفانيلا الحلو 50 مل,عطور نسائية,28,115.78,1
2026-06-18,P014,عطر الفانيلا الحلو 50 مل,عطور نسائية,21,115.78,1
2026-06-19,P014,عطر الفانيلا الحلو 50 مل,عطور نسائية,10,130.0,0
2026-06-20,P014,عطر الفانيلا الحلو 50 مل,عطور نسائية,9,130.0,0
2026-06-21,P014,عطر الفانيلا الحلو 50 مل,عطور نسائية,14,130.0,0
2026-06-22,P014,عطر الفانيلا الحلو 50 مل,عطور نسائية,10,130.0,0
2026-06-23,P014,عطر الفانيلا الحلو 50 مل,عطور نسائية,13,130.0,0
2026-06-24,P014,عطر الفانيلا الحلو 50 مل,عطور نسائية,7,130.0,0
2026-06-25,P014,عطر الفانيلا الحلو 50 مل,عطور نسائية,17,130.0,0
2026-06-26,P014,عطر الفانيلا الحلو 50 مل,عطور نسائية,6,130.0,0
2026-06-27,P014,عطر الفانيلا الحلو 50 مل,عطور نسائية,14,130.0,0
2026-06-28,P014,عطر الفانيلا الحلو 50 مل,عطور نسائية,19,130.0,0
2026-06-29,P014,عطر الفانيلا الحلو 50 مل,عطور نسائية,13,130.0,0
2026-06-30,P014,عطر الفانيلا الحلو 50 مل,عطور نسائية,7,130.0,0
2026-07-01,P014,عطر الفانيلا الحلو 50 مل,عطور نسائية,4,130.0,0
2026-07-02,P014,عطر الفانيلا الحلو 50 مل,عطور نسائية,17,130.0,0
2026-07-03,P014,عطر الفانيلا الحلو 50 مل,عطور نسائية,19,130.0,0
2026-07-04,P014,عطر الفانيلا الحلو 50 مل,عطور نسائية,19,130.0,0
2026-07-05,P014,عطر الفانيلا الحلو 50 مل,عطور نسائية,7,130.0,0
2026-07-06,P014,عطر الفانيلا الحلو 50 مل,عطور نسائية,8,130.0,0
2026-07-07,P014,عطر الفانيلا الحلو 50 مل,عطور نسائية,10,130.0,0
2026-07-08,P014,عطر الفانيلا الحلو 50 مل,عطور نسائية,8,130.0,0
2026-07-09,P014,عطر الفانيلا الحلو 50 مل,عطور نسائية,13,130.0,0
2026-07-10,P014,عطر الفانيلا الحلو 50 مل,عطور نسائية,11,130.0,0
2026-07-11,P014,عطر الفانيلا الحلو 50 مل,عطور نسائية,9,130.0,0
2026-07-12,P014,عطر الفانيلا الحلو 50 مل,عطور نسائية,17,130.0,0
2026-07-13,P014,عطر الفانيلا الحلو 50 مل,عطور نسائية,8,130.0,0
2026-07-14,P014,عطر الفانيلا الحلو 50 مل,عطور نسائية,2,130.0,0
2026-07-15,P014,عطر الفانيلا الحلو 50 مل,عطور نسائية,6,130.0,0
2026-07-16,P014,عطر الفانيلا الحلو 50 مل,عطور نسائية,10,130.0,0
2026-07-17,P014,عطر الفانيلا الحلو 50 مل,عطور نسائية,12,130.0,0
2026-07-18,P014,عطر الفانيلا الحلو 50 مل,عطور نسائية,9,130.0,0
2026-07-19,P014,عطر الفانيلا الحلو 50 مل,عطور نسائية,3,130.0,0
2026-07-20,P014,عطر الفانيلا الحلو 50 مل,عطور نسائية,12,130.0,0
2026-07-21,P014,عطر الفانيلا الحلو 50 مل,عطور نسائية,9,130.0,0
2026-07-22,P014,عطر الفانيلا الحلو 50 مل,عطور نسائية,8,130.0,0
2026-07-23,P014,عطر الفانيلا الحلو 50 مل,عطور نسائية,11,130.0,0
2026-07-24,P014,عطر الفانيلا الحلو 50 مل,عطور نسائية,13,130.0,0
2026-07-25,P014,عطر الفانيلا الحلو 50 مل,عطور نسائية,7,130.0,0
2026-07-26,P014,عطر الفانيلا الحلو 50 مل,عطور نسائية,13,130.0,0
2026-07-27,P014,عطر الفانيلا الحلو 50 مل,عطور نسائية,18,130.0,0
2026-07-28,P014,عطر الفانيلا الحلو 50 مل,عطور نسائية,5,130.0,0
2026-07-29,P014,عطر الفانيلا الحلو 50 مل,عطور نسائية,7,130.0,0
2026-07-30,P014,عطر الفانيلا الحلو 50 مل,عطور نسائية,7,130.0,0
2026-07-31,P014,عطر الفانيلا الحلو 50 مل,عطور نسائية,9,130.0,0
2026-08-01,P014,عطر الفانيلا الحلو 50 مل,عطور نسائية,7,130.0,0
2026-08-02,P014,عطر الفانيلا الحلو 50 مل,عطور نسائية,6,130.0,0
2026-08-03,P014,عطر الفانيلا الحلو 50 مل,عطور نسائية,7,130.0,0
2026-08-04,P014,عطر الفانيلا الحلو 50 مل,عطور نسائية,11,130.0,0
2026-08-05,P014,عطر الفانيلا الحلو 50 مل,عطور نسائية,15,130.0,0
2026-08-06,P014,عطر الفانيلا الحلو 50 مل,عطور نسائية,12,130.0,0
2026-08-07,P014,عطر الفانيلا الحلو 50 مل,عطور نسائية,4,130.0,0
2026-08-08,P014,عطر الفانيلا الحلو 50 مل,عطور نسائية,9,130.0,0
2026-08-09,P014,عطر الفانيلا الحلو 50 مل,عطور نسائية,14,130.0,0
2026-08-10,P014,عطر الفانيلا الحلو 50 مل,عطور نسائية,7,130.0,0
2026-08-11,P014,عطر الفانيلا الحلو 50 مل,عطور نسائية,3,130.0,0
2026-08-12,P014,عطر الفانيلا الحلو 50 مل,عطور نسائية,3,130.0,0
2026-08-13,P014,عطر الفانيلا الحلو 50 مل,عطور نسائية,7,130.0,0
2026-08-14,P014,عطر الفانيلا الحلو 50 مل,عطور نسائية,16,130.0,0
2026-08-15,P014,عطر الفانيلا الحلو 50 مل,عطور نسائية,8,130.0,0
2026-08-16,P014,عطر الفانيلا الحلو 50 مل,عطور نسائية,5,130.0,0
2026-08-17,P014,عطر الفانيلا الحلو 50 مل,عطور نسائية,8,130.0,0
2026-08-18,P014,عطر الفانيلا الحلو 50 مل,عطور نسائية,19,115.78,1
2026-08-19,P014,عطر الفانيلا الحلو 50 مل,عطور نسائية,17,115.78,1
2026-08-20,P014,عطر الفانيلا الحلو 50 مل,عطور نسائية,27,115.78,1
2026-08-21,P014,عطر الفانيلا الحلو 50 مل,عطور نسائية,9,130.0,0
2026-08-22,P014,عطر الفانيلا الحلو 50 مل,عطور نسائية,16,130.0,0
2026-08-23,P014,عطر الفانيلا الحلو 50 مل,عطور نسائية,16,130.0,0
2026-08-24,P014,عطر الفانيلا الحلو 50 مل,عطور نسائية,11,130.0,0
2026-08-25,P014,عطر الفانيلا الحلو 50 مل,عطور نسائية,9,130.0,0
2026-08-26,P014,عطر الفانيلا الحلو 50 مل,عطور نسائية,21,115.78,1
2026-08-27,P014,عطر الفانيلا الحلو 50 مل,عطور نسائية,11,115.78,1
2026-08-28,P014,عطر الفانيلا الحلو 50 مل,عطور نسائية,17,115.78,1
2026-08-29,P014,عطر الفانيلا الحلو 50 مل,عطور نسائية,19,115.78,1
2026-08-30,P014,عطر الفانيلا الحلو 50 مل,عطور نسائية,20,130.0,0
2026-08-31,P014,عطر الفانيلا الحلو 50 مل,عطور نسائية,5,130.0,0
2026-09-01,P014,عطر الفانيلا الحلو 50 مل,عطور نسائية,10,130.0,0
2026-09-02,P014,عطر الفانيلا الحلو 50 مل,عطور نسائية,7,130.0,0
2026-09-03,P014,عطر الفانيلا الحلو 50 مل,عطور نسائية,13,130.0,0
2026-09-04,P014,عطر الفانيلا الحلو 50 مل,عطور نسائية,15,130.0,0
2026-09-05,P014,عطر الفانيلا الحلو 50 مل,عطور نسائية,7,130.0,0
2026-09-06,P014,عطر الفانيلا الحلو 50 مل,عطور نسائية,1,130.0,0
2026-09-07,P014,عطر الفانيلا الحلو 50 مل,عطور نسائية,4,130.0,0
2026-09-08,P014,عطر الفانيلا الحلو 50 مل,عطور نسائية,4,130.0,0
2026-09-09,P014,عطر الفانيلا الحلو 50 مل,عطور نسائية,11,130.0,0
2026-09-10,P014,عطر الفانيلا الحلو 50 مل,عطور نسائية,11,130.0,0
2026-09-11,P014,عطر الفانيلا الحلو 50 مل,عطور نسائية,7,130.0,0
2026-09-12,P014,عطر الفانيلا الحلو 50 مل,عطور نسائية,4,130.0,0
2026-03-17,P015,عطر المسك الأزرق 100 مل,عطور رجالية,12,155.0,0
2026-03-18,P015,عطر المسك الأزرق 100 مل,عطور رجالية,16,155.0,0
2026-03-19,P015,عطر المسك الأزرق 100 مل,عطور رجالية,14,155.0,0
2026-03-20,P015,عطر المسك الأزرق 100 مل,عطور رجالية,26,155.0,0
2026-03-21,P015,عطر المسك الأزرق 100 مل,عطور رجالية,23,155.0,0
2026-03-22,P015,عطر المسك الأزرق 100 مل,عطور رجالية,20,155.0,0
2026-03-23,P015,عطر المسك الأزرق 100 مل,عطور رجالية,15,155.0,0
2026-03-24,P015,عطر المسك الأزرق 100 مل,عطور رجالية,10,155.0,0
2026-03-25,P015,عطر المسك الأزرق 100 مل,عطور رجالية,9,155.0,0
2026-03-26,P015,عطر المسك الأزرق 100 مل,عطور رجالية,8,155.0,0
2026-03-27,P015,عطر المسك الأزرق 100 مل,عطور رجالية,15,155.0,0
2026-03-28,P015,عطر المسك الأزرق 100 مل,عطور رجالية,13,155.0,0
2026-03-29,P015,عطر المسك الأزرق 100 مل,عطور رجالية,16,155.0,0
2026-03-30,P015,عطر المسك الأزرق 100 مل,عطور رجالية,18,124.58,1
2026-03-31,P015,عطر المسك الأزرق 100 مل,عطور رجالية,15,124.58,1
2026-04-01,P015,عطر المسك الأزرق 100 مل,عطور رجالية,21,155.0,0
2026-04-02,P015,عطر المسك الأزرق 100 مل,عطور رجالية,18,155.0,0
2026-04-03,P015,عطر المسك الأزرق 100 مل,عطور رجالية,20,155.0,0
2026-04-04,P015,عطر المسك الأزرق 100 مل,عطور رجالية,14,155.0,0
2026-04-05,P015,عطر المسك الأزرق 100 مل,عطور رجالية,24,155.0,0
2026-04-06,P015,عطر المسك الأزرق 100 مل,عطور رجالية,18,155.0,0
2026-04-07,P015,عطر المسك الأزرق 100 مل,عطور رجالية,14,155.0,0
2026-04-08,P015,عطر المسك الأزرق 100 مل,عطور رجالية,20,155.0,0
2026-04-09,P015,عطر المسك الأزرق 100 مل,عطور رجالية,18,155.0,0
2026-04-10,P015,عطر المسك الأزرق 100 مل,عطور رجالية,9,155.0,0
2026-04-11,P015,عطر المسك الأزرق 100 مل,عطور رجالية,7,155.0,0
2026-04-12,P015,عطر المسك الأزرق 100 مل,عطور رجالية,8,155.0,0
2026-04-13,P015,عطر المسك الأزرق 100 مل,عطور رجالية,16,155.0,0
2026-04-14,P015,عطر المسك الأزرق 100 مل,عطور رجالية,9,155.0,0
2026-04-15,P015,عطر المسك الأزرق 100 مل,عطور رجالية,16,155.0,0
2026-04-16,P015,عطر المسك الأزرق 100 مل,عطور رجالية,14,155.0,0
2026-04-17,P015,عطر المسك الأزرق 100 مل,عطور رجالية,19,155.0,0
2026-04-18,P015,عطر المسك الأزرق 100 مل,عطور رجالية,37,124.58,1
2026-04-19,P015,عطر المسك الأزرق 100 مل,عطور رجالية,20,124.58,1
2026-04-20,P015,عطر المسك الأزرق 100 مل,عطور رجالية,17,155.0,0
2026-04-21,P015,عطر المسك الأزرق 100 مل,عطور رجالية,4,155.0,0
2026-04-22,P015,عطر المسك الأزرق 100 مل,عطور رجالية,15,155.0,0
2026-04-23,P015,عطر المسك الأزرق 100 مل,عطور رجالية,13,155.0,0
2026-04-24,P015,عطر المسك الأزرق 100 مل,عطور رجالية,16,155.0,0
2026-04-25,P015,عطر المسك الأزرق 100 مل,عطور رجالية,9,155.0,0
2026-04-26,P015,عطر المسك الأزرق 100 مل,عطور رجالية,16,155.0,0
2026-04-27,P015,عطر المسك الأزرق 100 مل,عطور رجالية,17,155.0,0
2026-04-28,P015,عطر المسك الأزرق 100 مل,عطور رجالية,13,155.0,0
2026-04-29,P015,عطر المسك الأزرق 100 مل,عطور رجالية,8,155.0,0
2026-04-30,P015,عطر المسك الأزرق 100 مل,عطور رجالية,11,155.0,0
2026-05-01,P015,عطر المسك الأزرق 100 مل,عطور رجالية,19,155.0,0
2026-05-02,P015,عطر المسك الأزرق 100 مل,عطور رجالية,21,155.0,0
2026-05-03,P015,عطر المسك الأزرق 100 مل,عطور رجالية,19,155.0,0
2026-05-04,P015,عطر المسك الأزرق 100 مل,عطور رجالية,12,155.0,0
2026-05-05,P015,عطر المسك الأزرق 100 مل,عطور رجالية,26,124.58,1
2026-05-06,P015,عطر المسك الأزرق 100 مل,عطور رجالية,24,124.58,1
2026-05-07,P015,عطر المسك الأزرق 100 مل,عطور رجالية,8,155.0,0
2026-05-08,P015,عطر المسك الأزرق 100 مل,عطور رجالية,17,155.0,0
2026-05-09,P015,عطر المسك الأزرق 100 مل,عطور رجالية,36,124.58,1
2026-05-10,P015,عطر المسك الأزرق 100 مل,عطور رجالية,24,124.58,1
2026-05-11,P015,عطر المسك الأزرق 100 مل,عطور رجالية,12,124.58,1
2026-05-12,P015,عطر المسك الأزرق 100 مل,عطور رجالية,14,155.0,0
2026-05-13,P015,عطر المسك الأزرق 100 مل,عطور رجالية,20,155.0,0
2026-05-14,P015,عطر المسك الأزرق 100 مل,عطور رجالية,21,155.0,0
2026-05-15,P015,عطر المسك الأزرق 100 مل,عطور رجالية,7,155.0,0
2026-05-16,P015,عطر المسك الأزرق 100 مل,عطور رجالية,6,155.0,0
2026-05-17,P015,عطر المسك الأزرق 100 مل,عطور رجالية,24,155.0,0
2026-05-18,P015,عطر المسك الأزرق 100 مل,عطور رجالية,20,155.0,0
2026-05-19,P015,عطر المسك الأزرق 100 مل,عطور رجالية,5,155.0,0
2026-05-20,P015,عطر المسك الأزرق 100 مل,عطور رجالية,15,155.0,0
2026-05-21,P015,عطر المسك الأزرق 100 مل,عطور رجالية,15,155.0,0
2026-05-22,P015,عطر المسك الأزرق 100 مل,عطور رجالية,7,155.0,0
2026-05-23,P015,عطر المسك الأزرق 100 مل,عطور رجالية,27,155.0,0
2026-05-24,P015,عطر المسك الأزرق 100 مل,عطور رجالية,15,155.0,0
2026-05-25,P015,عطر المسك الأزرق 100 مل,عطور رجالية,3,155.0,0
2026-05-26,P015,عطر المسك الأزرق 100 مل,عطور رجالية,14,155.0,0
2026-05-27,P015,عطر المسك الأزرق 100 مل,عطور رجالية,8,155.0,0
2026-05-28,P015,عطر المسك الأزرق 100 مل,عطور رجالية,10,158.77,0
2026-05-29,P015,عطر المسك الأزرق 100 مل,عطور رجالية,28,158.77,0
2026-05-30,P015,عطر المسك الأزرق 100 مل,عطور رجالية,16,158.77,0
2026-05-31,P015,عطر المسك الأزرق 100 مل,عطور رجالية,24,158.77,0
2026-06-01,P015,عطر المسك الأزرق 100 مل,عطور رجالية,5,158.77,0
2026-06-02,P015,عطر المسك الأزرق 100 مل,عطور رجالية,11,158.77,0
2026-06-03,P015,عطر المسك الأزرق 100 مل,عطور رجالية,8,158.77,0
2026-06-04,P015,عطر المسك الأزرق 100 مل,عطور رجالية,13,158.77,0
2026-06-05,P015,عطر المسك الأزرق 100 مل,عطور رجالية,6,158.77,0
2026-06-06,P015,عطر المسك الأزرق 100 مل,عطور رجالية,15,158.77,0
2026-06-07,P015,عطر المسك الأزرق 100 مل,عطور رجالية,17,158.77,0
2026-06-08,P015,عطر المسك الأزرق 100 مل,عطور رجالية,17,158.77,0
2026-06-09,P015,عطر المسك الأزرق 100 مل,عطور رجالية,16,158.77,0
2026-06-10,P015,عطر المسك الأزرق 100 مل,عطور رجالية,8,158.77,0
2026-06-11,P015,عطر المسك الأزرق 100 مل,عطور رجالية,23,127.61,1
2026-06-12,P015,عطر المسك الأزرق 100 مل,عطور رجالية,20,127.61,1
2026-06-13,P015,عطر المسك الأزرق 100 مل,عطور رجالية,14,158.77,0
2026-06-14,P015,عطر المسك الأزرق 100 مل,عطور رجالية,7,158.77,0
2026-06-15,P015,عطر المسك الأزرق 100 مل,عطور رجالية,13,158.77,0
2026-06-16,P015,عطر المسك الأزرق 100 مل,عطور رجالية,7,158.77,0
2026-06-17,P015,عطر المسك الأزرق 100 مل,عطور رجالية,9,158.77,0
2026-06-18,P015,عطر المسك الأزرق 100 مل,عطور رجالية,8,158.77,0
2026-06-19,P015,عطر المسك الأزرق 100 مل,عطور رجالية,28,158.77,0
2026-06-20,P015,عطر المسك الأزرق 100 مل,عطور رجالية,17,158.77,0
2026-06-21,P015,عطر المسك الأزرق 100 مل,عطور رجالية,7,158.77,0
2026-06-22,P015,عطر المسك الأزرق 100 مل,عطور رجالية,9,158.77,0
2026-06-23,P015,عطر المسك الأزرق 100 مل,عطور رجالية,13,158.77,0
2026-06-24,P015,عطر المسك الأزرق 100 مل,عطور رجالية,15,127.61,1
2026-06-25,P015,عطر المسك الأزرق 100 مل,عطور رجالية,15,127.61,1
2026-06-26,P015,عطر المسك الأزرق 100 مل,عطور رجالية,20,127.61,1
2026-06-27,P015,عطر المسك الأزرق 100 مل,عطور رجالية,7,158.77,0
2026-06-28,P015,عطر المسك الأزرق 100 مل,عطور رجالية,9,158.77,0
2026-06-29,P015,عطر المسك الأزرق 100 مل,عطور رجالية,5,158.77,0
2026-06-30,P015,عطر المسك الأزرق 100 مل,عطور رجالية,6,158.77,0
2026-07-01,P015,عطر المسك الأزرق 100 مل,عطور رجالية,29,127.61,1
2026-07-02,P015,عطر المسك الأزرق 100 مل,عطور رجالية,14,127.61,1
2026-07-03,P015,عطر المسك الأزرق 100 مل,عطور رجالية,6,127.61,1
2026-07-04,P015,عطر المسك الأزرق 100 مل,عطور رجالية,15,127.61,1
2026-07-05,P015,عطر المسك الأزرق 100 مل,عطور رجالية,11,158.77,0
2026-07-06,P015,عطر المسك الأزرق 100 مل,عطور رجالية,8,158.77,0
2026-07-07,P015,عطر المسك الأزرق 100 مل,عطور رجالية,19,158.77,0
2026-07-08,P015,عطر المسك الأزرق 100 مل,عطور رجالية,11,158.77,0
2026-07-09,P015,عطر المسك الأزرق 100 مل,عطور رجالية,13,158.77,0
2026-07-10,P015,عطر المسك الأزرق 100 مل,عطور رجالية,6,158.77,0
2026-07-11,P015,عطر المسك الأزرق 100 مل,عطور رجالية,10,158.77,0
2026-07-12,P015,عطر المسك الأزرق 100 مل,عطور رجالية,10,158.77,0
2026-07-13,P015,عطر المسك الأزرق 100 مل,عطور رجالية,5,158.77,0
2026-07-14,P015,عطر المسك الأزرق 100 مل,عطور رجالية,11,158.77,0
2026-07-15,P015,عطر المسك الأزرق 100 مل,عطور رجالية,12,158.77,0
2026-07-16,P015,عطر المسك الأزرق 100 مل,عطور رجالية,9,158.77,0
2026-07-17,P015,عطر المسك الأزرق 100 مل,عطور رجالية,7,158.77,0
2026-07-18,P015,عطر المسك الأزرق 100 مل,عطور رجالية,15,158.77,0
2026-07-19,P015,عطر المسك الأزرق 100 مل,عطور رجالية,5,158.77,0
2026-07-20,P015,عطر المسك الأزرق 100 مل,عطور رجالية,6,158.77,0
2026-07-21,P015,عطر المسك الأزرق 100 مل,عطور رجالية,8,158.77,0
2026-07-22,P015,عطر المسك الأزرق 100 مل,عطور رجالية,8,158.77,0
2026-07-23,P015,عطر المسك الأزرق 100 مل,عطور رجالية,15,158.77,0
2026-07-24,P015,عطر المسك الأزرق 100 مل,عطور رجالية,11,158.77,0
2026-07-25,P015,عطر المسك الأزرق 100 مل,عطور رجالية,14,158.77,0
2026-07-26,P015,عطر المسك الأزرق 100 مل,عطور رجالية,8,158.77,0
2026-07-27,P015,عطر المسك الأزرق 100 مل,عطور رجالية,21,158.77,0
2026-07-28,P015,عطر المسك الأزرق 100 مل,عطور رجالية,4,158.77,0
2026-07-29,P015,عطر المسك الأزرق 100 مل,عطور رجالية,10,158.77,0
2026-07-30,P015,عطر المسك الأزرق 100 مل,عطور رجالية,10,158.77,0
2026-07-31,P015,عطر المسك الأزرق 100 مل,عطور رجالية,14,158.77,0
2026-08-01,P015,عطر المسك الأزرق 100 مل,عطور رجالية,16,127.61,1
2026-08-02,P015,عطر المسك الأزرق 100 مل,عطور رجالية,8,127.61,1
2026-08-03,P015,عطر المسك الأزرق 100 مل,عطور رجالية,15,127.61,1
2026-08-04,P015,عطر المسك الأزرق 100 مل,عطور رجالية,28,127.61,1
2026-08-05,P015,عطر المسك الأزرق 100 مل,عطور رجالية,4,158.77,0
2026-08-06,P015,عطر المسك الأزرق 100 مل,عطور رجالية,10,158.77,0
2026-08-07,P015,عطر المسك الأزرق 100 مل,عطور رجالية,5,158.77,0
2026-08-08,P015,عطر المسك الأزرق 100 مل,عطور رجالية,8,158.77,0
2026-08-09,P015,عطر المسك الأزرق 100 مل,عطور رجالية,15,158.77,0
2026-08-10,P015,عطر المسك الأزرق 100 مل,عطور رجالية,4,158.77,0
2026-08-11,P015,عطر المسك الأزرق 100 مل,عطور رجالية,7,158.77,0
2026-08-12,P015,عطر المسك الأزرق 100 مل,عطور رجالية,11,158.77,0
2026-08-13,P015,عطر المسك الأزرق 100 مل,عطور رجالية,3,158.77,0
2026-08-14,P015,عطر المسك الأزرق 100 مل,عطور رجالية,3,158.77,0
2026-08-15,P015,عطر المسك الأزرق 100 مل,عطور رجالية,17,158.77,0
2026-08-16,P015,عطر المسك الأزرق 100 مل,عطور رجالية,10,158.77,0
2026-08-17,P015,عطر المسك الأزرق 100 مل,عطور رجالية,10,158.77,0
2026-08-18,P015,عطر المسك الأزرق 100 مل,عطور رجالية,8,158.77,0
2026-08-19,P015,عطر المسك الأزرق 100 مل,عطور رجالية,8,158.77,0
2026-08-20,P015,عطر المسك الأزرق 100 مل,عطور رجالية,10,158.77,0
2026-08-21,P015,عطر المسك الأزرق 100 مل,عطور رجالية,5,158.77,0
2026-08-22,P015,عطر المسك الأزرق 100 مل,عطور رجالية,8,158.77,0
2026-08-23,P015,عطر المسك الأزرق 100 مل,عطور رجالية,19,158.77,0
2026-08-24,P015,عطر المسك الأزرق 100 مل,عطور رجالية,10,158.77,0
2026-08-25,P015,عطر المسك الأزرق 100 مل,عطور رجالية,8,158.77,0
2026-08-26,P015,عطر المسك الأزرق 100 مل,عطور رجالية,12,158.77,0
2026-08-27,P015,عطر المسك الأزرق 100 مل,عطور رجالية,8,158.77,0
2026-08-28,P015,عطر المسك الأزرق 100 مل,عطور رجالية,6,158.77,0
2026-08-29,P015,عطر المسك الأزرق 100 مل,عطور رجالية,4,158.77,0
2026-08-30,P015,عطر المسك الأزرق 100 مل,عطور رجالية,8,158.77,0
2026-08-31,P015,عطر المسك الأزرق 100 مل,عطور رجالية,8,158.77,0
2026-09-01,P015,عطر المسك الأزرق 100 مل,عطور رجالية,6,158.77,0
2026-09-02,P015,عطر المسك الأزرق 100 مل,عطور رجالية,17,158.77,0
2026-09-03,P015,عطر المسك الأزرق 100 مل,عطور رجالية,7,158.77,0
2026-09-04,P015,عطر المسك الأزرق 100 مل,عطور رجالية,8,158.77,0
2026-09-05,P015,عطر المسك الأزرق 100 مل,عطور رجالية,10,158.77,0
2026-09-06,P015,عطر المسك الأزرق 100 مل,عطور رجالية,5,158.77,0
2026-09-07,P015,عطر المسك الأزرق 100 مل,عطور رجالية,10,158.77,0
2026-09-08,P015,عطر المسك الأزرق 100 مل,عطور رجالية,6,158.77,0
2026-09-09,P015,عطر المسك الأزرق 100 مل,عطور رجالية,3,158.77,0
2026-09-10,P015,عطر المسك الأزرق 100 مل,عطور رجالية,9,158.77,0
2026-09-11,P015,عطر المسك الأزرق 100 مل,عطور رجالية,9,158.77,0
2026-09-12,P015,عطر المسك الأزرق 100 مل,عطور رجالية,7,158.77,0
2026-03-17,P016,معطر ملابس برائحة الليمون,معطرات منزل,8,39.0,0
2026-03-18,P016,معطر ملابس برائحة الليمون,معطرات منزل,17,39.0,0
2026-03-19,P016,معطر ملابس برائحة الليمون,معطرات منزل,9,39.0,0
2026-03-20,P016,معطر ملابس برائحة الليمون,معطرات منزل,19,39.0,0
2026-03-21,P016,معطر ملابس برائحة الليمون,معطرات منزل,2,39.0,0
2026-03-22,P016,معطر ملابس برائحة الليمون,معطرات منزل,9,39.0,0
2026-03-23,P016,معطر ملابس برائحة الليمون,معطرات منزل,13,39.0,0
2026-03-24,P016,معطر ملابس برائحة الليمون,معطرات منزل,11,39.0,0
2026-03-25,P016,معطر ملابس برائحة الليمون,معطرات منزل,9,39.0,0
2026-03-26,P016,معطر ملابس برائحة الليمون,معطرات منزل,12,39.0,0
2026-03-27,P016,معطر ملابس برائحة الليمون,معطرات منزل,11,39.0,0
2026-03-28,P016,معطر ملابس برائحة الليمون,معطرات منزل,9,39.0,0
2026-03-29,P016,معطر ملابس برائحة الليمون,معطرات منزل,17,39.0,0
2026-03-30,P016,معطر ملابس برائحة الليمون,معطرات منزل,8,39.0,0
2026-03-31,P016,معطر ملابس برائحة الليمون,معطرات منزل,13,39.0,0
2026-04-01,P016,معطر ملابس برائحة الليمون,معطرات منزل,15,39.0,0
2026-04-02,P016,معطر ملابس برائحة الليمون,معطرات منزل,17,39.0,0
2026-04-03,P016,معطر ملابس برائحة الليمون,معطرات منزل,5,39.0,0
2026-04-04,P016,معطر ملابس برائحة الليمون,معطرات منزل,8,39.0,0
2026-04-05,P016,معطر ملابس برائحة الليمون,معطرات منزل,3,39.0,0
2026-04-06,P016,معطر ملابس برائحة الليمون,معطرات منزل,10,39.0,0
2026-04-07,P016,معطر ملابس برائحة الليمون,معطرات منزل,13,39.0,0
2026-04-08,P016,معطر ملابس برائحة الليمون,معطرات منزل,15,39.0,0
2026-04-09,P016,معطر ملابس برائحة الليمون,معطرات منزل,9,39.0,0
2026-04-10,P016,معطر ملابس برائحة الليمون,معطرات منزل,19,39.0,0
2026-04-11,P016,معطر ملابس برائحة الليمون,معطرات منزل,19,39.0,0
2026-04-12,P016,معطر ملابس برائحة الليمون,معطرات منزل,19,39.0,0
2026-04-13,P016,معطر ملابس برائحة الليمون,معطرات منزل,8,39.0,0
2026-04-14,P016,معطر ملابس برائحة الليمون,معطرات منزل,18,31.74,1
2026-04-15,P016,معطر ملابس برائحة الليمون,معطرات منزل,12,31.74,1
2026-04-16,P016,معطر ملابس برائحة الليمون,معطرات منزل,21,31.74,1
2026-04-17,P016,معطر ملابس برائحة الليمون,معطرات منزل,11,39.0,0
2026-04-18,P016,معطر ملابس برائحة الليمون,معطرات منزل,5,39.0,0
2026-04-19,P016,معطر ملابس برائحة الليمون,معطرات منزل,14,39.0,0
2026-04-20,P016,معطر ملابس برائحة الليمون,معطرات منزل,13,31.74,1
2026-04-21,P016,معطر ملابس برائحة الليمون,معطرات منزل,19,31.74,1
2026-04-22,P016,معطر ملابس برائحة الليمون,معطرات منزل,7,39.0,0
2026-04-23,P016,معطر ملابس برائحة الليمون,معطرات منزل,1,39.0,0
2026-04-24,P016,معطر ملابس برائحة الليمون,معطرات منزل,26,39.0,0
2026-04-25,P016,معطر ملابس برائحة الليمون,معطرات منزل,5,39.0,0
2026-04-26,P016,معطر ملابس برائحة الليمون,معطرات منزل,10,39.0,0
2026-04-27,P016,معطر ملابس برائحة الليمون,معطرات منزل,9,39.0,0
2026-04-28,P016,معطر ملابس برائحة الليمون,معطرات منزل,6,39.0,0
2026-04-29,P016,معطر ملابس برائحة الليمون,معطرات منزل,11,39.0,0
2026-04-30,P016,معطر ملابس برائحة الليمون,معطرات منزل,11,39.0,0
2026-05-01,P016,معطر ملابس برائحة الليمون,معطرات منزل,20,39.0,0
2026-05-02,P016,معطر ملابس برائحة الليمون,معطرات منزل,10,39.0,0
2026-05-03,P016,معطر ملابس برائحة الليمون,معطرات منزل,13,39.0,0
2026-05-04,P016,معطر ملابس برائحة الليمون,معطرات منزل,12,39.0,0
2026-05-05,P016,معطر ملابس برائحة الليمون,معطرات منزل,14,39.0,0
2026-05-06,P016,معطر ملابس برائحة الليمون,معطرات منزل,12,39.0,0
2026-05-07,P016,معطر ملابس برائحة الليمون,معطرات منزل,23,39.0,0
2026-05-08,P016,معطر ملابس برائحة الليمون,معطرات منزل,9,39.0,0
2026-05-09,P016,معطر ملابس برائحة الليمون,معطرات منزل,11,39.0,0
2026-05-10,P016,معطر ملابس برائحة الليمون,معطرات منزل,15,39.0,0
2026-05-11,P016,معطر ملابس برائحة الليمون,معطرات منزل,13,39.0,0
2026-05-12,P016,معطر ملابس برائحة الليمون,معطرات منزل,4,39.0,0
2026-05-13,P016,معطر ملابس برائحة الليمون,معطرات منزل,14,39.0,0
2026-05-14,P016,معطر ملابس برائحة الليمون,معطرات منزل,6,39.0,0
2026-05-15,P016,معطر ملابس برائحة الليمون,معطرات منزل,13,39.0,0
2026-05-16,P016,معطر ملابس برائحة الليمون,معطرات منزل,15,39.0,0
2026-05-17,P016,معطر ملابس برائحة الليمون,معطرات منزل,17,39.0,0
2026-05-18,P016,معطر ملابس برائحة الليمون,معطرات منزل,13,39.0,0
2026-05-19,P016,معطر ملابس برائحة الليمون,معطرات منزل,3,39.0,0
2026-05-20,P016,معطر ملابس برائحة الليمون,معطرات منزل,8,39.0,0
2026-05-21,P016,معطر ملابس برائحة الليمون,معطرات منزل,8,39.0,0
2026-05-22,P016,معطر ملابس برائحة الليمون,معطرات منزل,5,39.0,0
2026-05-23,P016,معطر ملابس برائحة الليمون,معطرات منزل,10,39.0,0
2026-05-24,P016,معطر ملابس برائحة الليمون,معطرات منزل,10,39.0,0
2026-05-25,P016,معطر ملابس برائحة الليمون,معطرات منزل,15,39.0,0
2026-05-26,P016,معطر ملابس برائحة الليمون,معطرات منزل,13,39.0,0
2026-05-27,P016,معطر ملابس برائحة الليمون,معطرات منزل,13,39.0,0
2026-05-28,P016,معطر ملابس برائحة الليمون,معطرات منزل,6,39.0,0
2026-05-29,P016,معطر ملابس برائحة الليمون,معطرات منزل,8,39.0,0
2026-05-30,P016,معطر ملابس برائحة الليمون,معطرات منزل,7,39.0,0
2026-05-31,P016,معطر ملابس برائحة الليمون,معطرات منزل,6,39.0,0
2026-06-01,P016,معطر ملابس برائحة الليمون,معطرات منزل,9,39.0,0
2026-06-02,P016,معطر ملابس برائحة الليمون,معطرات منزل,3,39.0,0
2026-06-03,P016,معطر ملابس برائحة الليمون,معطرات منزل,15,39.0,0
2026-06-04,P016,معطر ملابس برائحة الليمون,معطرات منزل,7,39.0,0
2026-06-05,P016,معطر ملابس برائحة الليمون,معطرات منزل,10,39.0,0
2026-06-06,P016,معطر ملابس برائحة الليمون,معطرات منزل,6,39.0,0
2026-06-07,P016,معطر ملابس برائحة الليمون,معطرات منزل,12,39.0,0
2026-06-08,P016,معطر ملابس برائحة الليمون,معطرات منزل,14,39.0,0
2026-06-09,P016,معطر ملابس برائحة الليمون,معطرات منزل,3,39.0,0
2026-06-10,P016,معطر ملابس برائحة الليمون,معطرات منزل,9,39.0,0
2026-06-11,P016,معطر ملابس برائحة الليمون,معطرات منزل,13,39.0,0
2026-06-12,P016,معطر ملابس برائحة الليمون,معطرات منزل,13,39.0,0
2026-06-13,P016,معطر ملابس برائحة الليمون,معطرات منزل,7,39.0,0
2026-06-14,P016,معطر ملابس برائحة الليمون,معطرات منزل,17,39.0,0
2026-06-15,P016,معطر ملابس برائحة الليمون,معطرات منزل,12,39.0,0
2026-06-16,P016,معطر ملابس برائحة الليمون,معطرات منزل,11,39.0,0
2026-06-17,P016,معطر ملابس برائحة الليمون,معطرات منزل,8,39.0,0
2026-06-18,P016,معطر ملابس برائحة الليمون,معطرات منزل,8,39.0,0
2026-06-19,P016,معطر ملابس برائحة الليمون,معطرات منزل,19,39.0,0
2026-06-20,P016,معطر ملابس برائحة الليمون,معطرات منزل,13,39.0,0
2026-06-21,P016,معطر ملابس برائحة الليمون,معطرات منزل,9,39.0,0
2026-06-22,P016,معطر ملابس برائحة الليمون,معطرات منزل,8,39.0,0
2026-06-23,P016,معطر ملابس برائحة الليمون,معطرات منزل,7,39.0,0
2026-06-24,P016,معطر ملابس برائحة الليمون,معطرات منزل,7,39.0,0
2026-06-25,P016,معطر ملابس برائحة الليمون,معطرات منزل,13,39.0,0
2026-06-26,P016,معطر ملابس برائحة الليمون,معطرات منزل,5,39.0,0
2026-06-27,P016,معطر ملابس برائحة الليمون,معطرات منزل,4,39.0,0
2026-06-28,P016,معطر ملابس برائحة الليمون,معطرات منزل,6,39.0,0
2026-06-29,P016,معطر ملابس برائحة الليمون,معطرات منزل,6,39.0,0
2026-06-30,P016,معطر ملابس برائحة الليمون,معطرات منزل,9,39.0,0
2026-07-01,P016,معطر ملابس برائحة الليمون,معطرات منزل,11,39.0,0
2026-07-02,P016,معطر ملابس برائحة الليمون,معطرات منزل,5,39.0,0
2026-07-03,P016,معطر ملابس برائحة الليمون,معطرات منزل,7,39.0,0
2026-07-04,P016,معطر ملابس برائحة الليمون,معطرات منزل,10,39.0,0
2026-07-05,P016,معطر ملابس برائحة الليمون,معطرات منزل,6,39.0,0
2026-07-06,P016,معطر ملابس برائحة الليمون,معطرات منزل,14,39.0,0
2026-07-07,P016,معطر ملابس برائحة الليمون,معطرات منزل,10,39.0,0
2026-07-08,P016,معطر ملابس برائحة الليمون,معطرات منزل,8,39.0,0
2026-07-09,P016,معطر ملابس برائحة الليمون,معطرات منزل,12,39.0,0
2026-07-10,P016,معطر ملابس برائحة الليمون,معطرات منزل,12,39.0,0
2026-07-11,P016,معطر ملابس برائحة الليمون,معطرات منزل,6,39.0,0
2026-07-12,P016,معطر ملابس برائحة الليمون,معطرات منزل,7,39.0,0
2026-07-13,P016,معطر ملابس برائحة الليمون,معطرات منزل,7,39.0,0
2026-07-14,P016,معطر ملابس برائحة الليمون,معطرات منزل,2,39.0,0
2026-07-15,P016,معطر ملابس برائحة الليمون,معطرات منزل,6,39.0,0
2026-07-16,P016,معطر ملابس برائحة الليمون,معطرات منزل,4,39.0,0
2026-07-17,P016,معطر ملابس برائحة الليمون,معطرات منزل,10,39.0,0
2026-07-18,P016,معطر ملابس برائحة الليمون,معطرات منزل,12,39.0,0
2026-07-19,P016,معطر ملابس برائحة الليمون,معطرات منزل,16,39.0,0
2026-07-20,P016,معطر ملابس برائحة الليمون,معطرات منزل,9,39.0,0
2026-07-21,P016,معطر ملابس برائحة الليمون,معطرات منزل,2,39.0,0
2026-07-22,P016,معطر ملابس برائحة الليمون,معطرات منزل,8,39.0,0
2026-07-23,P016,معطر ملابس برائحة الليمون,معطرات منزل,18,39.0,0
2026-07-24,P016,معطر ملابس برائحة الليمون,معطرات منزل,7,39.0,0
2026-07-25,P016,معطر ملابس برائحة الليمون,معطرات منزل,3,39.0,0
2026-07-26,P016,معطر ملابس برائحة الليمون,معطرات منزل,4,39.0,0
2026-07-27,P016,معطر ملابس برائحة الليمون,معطرات منزل,6,39.0,0
2026-07-28,P016,معطر ملابس برائحة الليمون,معطرات منزل,8,31.74,1
2026-07-29,P016,معطر ملابس برائحة الليمون,معطرات منزل,16,31.74,1
2026-07-30,P016,معطر ملابس برائحة الليمون,معطرات منزل,7,39.0,0
2026-07-31,P016,معطر ملابس برائحة الليمون,معطرات منزل,19,31.74,1
2026-08-01,P016,معطر ملابس برائحة الليمون,معطرات منزل,19,31.74,1
2026-08-02,P016,معطر ملابس برائحة الليمون,معطرات منزل,11,31.74,1
2026-08-03,P016,معطر ملابس برائحة الليمون,معطرات منزل,4,39.0,0
2026-08-04,P016,معطر ملابس برائحة الليمون,معطرات منزل,12,31.74,1
2026-08-05,P016,معطر ملابس برائحة الليمون,معطرات منزل,12,31.74,1
2026-08-06,P016,معطر ملابس برائحة الليمون,معطرات منزل,9,39.0,0
2026-08-07,P016,معطر ملابس برائحة الليمون,معطرات منزل,10,39.0,0
2026-08-08,P016,معطر ملابس برائحة الليمون,معطرات منزل,14,39.0,0
2026-08-09,P016,معطر ملابس برائحة الليمون,معطرات منزل,10,39.0,0
2026-08-10,P016,معطر ملابس برائحة الليمون,معطرات منزل,5,39.0,0
2026-08-11,P016,معطر ملابس برائحة الليمون,معطرات منزل,3,39.0,0
2026-08-12,P016,معطر ملابس برائحة الليمون,معطرات منزل,7,39.0,0
2026-08-13,P016,معطر ملابس برائحة الليمون,معطرات منزل,9,39.0,0
2026-08-14,P016,معطر ملابس برائحة الليمون,معطرات منزل,4,39.0,0
2026-08-15,P016,معطر ملابس برائحة الليمون,معطرات منزل,8,39.0,0
2026-08-16,P016,معطر ملابس برائحة الليمون,معطرات منزل,6,39.0,0
2026-08-17,P016,معطر ملابس برائحة الليمون,معطرات منزل,10,39.0,0
2026-08-18,P016,معطر ملابس برائحة الليمون,معطرات منزل,7,39.0,0
2026-08-19,P016,معطر ملابس برائحة الليمون,معطرات منزل,9,39.0,0
2026-08-20,P016,معطر ملابس برائحة الليمون,معطرات منزل,8,39.0,0
2026-08-21,P016,معطر ملابس برائحة الليمون,معطرات منزل,9,31.74,1
2026-08-22,P016,معطر ملابس برائحة الليمون,معطرات منزل,16,31.74,1
2026-08-23,P016,معطر ملابس برائحة الليمون,معطرات منزل,17,31.74,1
2026-08-24,P016,معطر ملابس برائحة الليمون,معطرات منزل,6,39.0,0
2026-08-25,P016,معطر ملابس برائحة الليمون,معطرات منزل,5,39.0,0
2026-08-26,P016,معطر ملابس برائحة الليمون,معطرات منزل,8,39.0,0
2026-08-27,P016,معطر ملابس برائحة الليمون,معطرات منزل,4,39.0,0
2026-08-28,P016,معطر ملابس برائحة الليمون,معطرات منزل,9,39.0,0
2026-08-29,P016,معطر ملابس برائحة الليمون,معطرات منزل,12,31.74,1
2026-08-30,P016,معطر ملابس برائحة الليمون,معطرات منزل,18,31.74,1
2026-08-31,P016,معطر ملابس برائحة الليمون,معطرات منزل,6,31.74,1
2026-09-01,P016,معطر ملابس برائحة الليمون,معطرات منزل,9,31.74,1
2026-09-02,P016,معطر ملابس برائحة الليمون,معطرات منزل,7,39.0,0
2026-09-03,P016,معطر ملابس برائحة الليمون,معطرات منزل,4,39.0,0
2026-09-04,P016,معطر ملابس برائحة الليمون,معطرات منزل,4,39.0,0
2026-09-05,P016,معطر ملابس برائحة الليمون,معطرات منزل,6,39.0,0
2026-09-06,P016,معطر ملابس برائحة الليمون,معطرات منزل,6,39.0,0
2026-09-07,P016,معطر ملابس برائحة الليمون,معطرات منزل,8,39.0,0
2026-09-08,P016,معطر ملابس برائحة الليمون,معطرات منزل,6,39.0,0
2026-09-09,P016,معطر ملابس برائحة الليمون,معطرات منزل,6,39.0,0
2026-09-10,P016,معطر ملابس برائحة الليمون,معطرات منزل,5,39.0,0
2026-09-11,P016,معطر ملابس برائحة الليمون,معطرات منزل,4,39.0,0
2026-09-12,P016,معطر ملابس برائحة الليمون,معطرات منزل,8,39.0,0
2026-03-17,P017,عطر صيفي منعش 100 مل,عطور رجالية,19,120.0,0
2026-03-18,P017,عطر صيفي منعش 100 مل,عطور رجالية,11,120.0,0
2026-03-19,P017,عطر صيفي منعش 100 مل,عطور رجالية,17,120.0,0
2026-03-20,P017,عطر صيفي منعش 100 مل,عطور رجالية,25,120.0,0
2026-03-21,P017,عطر صيفي منعش 100 مل,عطور رجالية,19,120.0,0
2026-03-22,P017,عطر صيفي منعش 100 مل,عطور رجالية,19,120.0,0
2026-03-23,P017,عطر صيفي منعش 100 مل,عطور رجالية,25,120.0,0
2026-03-24,P017,عطر صيفي منعش 100 مل,عطور رجالية,23,120.0,0
2026-03-25,P017,عطر صيفي منعش 100 مل,عطور رجالية,17,120.0,0
2026-03-26,P017,عطر صيفي منعش 100 مل,عطور رجالية,22,120.0,0
2026-03-27,P017,عطر صيفي منعش 100 مل,عطور رجالية,17,120.0,0
2026-03-28,P017,عطر صيفي منعش 100 مل,عطور رجالية,16,120.0,0
2026-03-29,P017,عطر صيفي منعش 100 مل,عطور رجالية,20,120.0,0
2026-03-30,P017,عطر صيفي منعش 100 مل,عطور رجالية,16,120.0,0
2026-03-31,P017,عطر صيفي منعش 100 مل,عطور رجالية,15,120.0,0
2026-04-01,P017,عطر صيفي منعش 100 مل,عطور رجالية,20,120.0,0
2026-04-02,P017,عطر صيفي منعش 100 مل,عطور رجالية,36,120.0,0
2026-04-03,P017,عطر صيفي منعش 100 مل,عطور رجالية,24,120.0,0
2026-04-04,P017,عطر صيفي منعش 100 مل,عطور رجالية,23,120.0,0
2026-04-05,P017,عطر صيفي منعش 100 مل,عطور رجالية,28,120.0,0
2026-04-06,P017,عطر صيفي منعش 100 مل,عطور رجالية,22,120.0,0
2026-04-07,P017,عطر صيفي منعش 100 مل,عطور رجالية,14,120.0,0
2026-04-08,P017,عطر صيفي منعش 100 مل,عطور رجالية,24,120.0,0
2026-04-09,P017,عطر صيفي منعش 100 مل,عطور رجالية,29,120.0,0
2026-04-10,P017,عطر صيفي منعش 100 مل,عطور رجالية,22,120.0,0
2026-04-11,P017,عطر صيفي منعش 100 مل,عطور رجالية,25,120.0,0
2026-04-12,P017,عطر صيفي منعش 100 مل,عطور رجالية,13,120.0,0
2026-04-13,P017,عطر صيفي منعش 100 مل,عطور رجالية,15,120.0,0
2026-04-14,P017,عطر صيفي منعش 100 مل,عطور رجالية,16,120.0,0
2026-04-15,P017,عطر صيفي منعش 100 مل,عطور رجالية,13,120.0,0
2026-04-16,P017,عطر صيفي منعش 100 مل,عطور رجالية,28,120.0,0
2026-04-17,P017,عطر صيفي منعش 100 مل,عطور رجالية,17,120.0,0
2026-04-18,P017,عطر صيفي منعش 100 مل,عطور رجالية,19,120.0,0
2026-04-19,P017,عطر صيفي منعش 100 مل,عطور رجالية,28,120.0,0
2026-04-20,P017,عطر صيفي منعش 100 مل,عطور رجالية,18,120.0,0
2026-04-21,P017,عطر صيفي منعش 100 مل,عطور رجالية,13,120.0,0
2026-04-22,P017,عطر صيفي منعش 100 مل,عطور رجالية,27,120.0,0
2026-04-23,P017,عطر صيفي منعش 100 مل,عطور رجالية,19,120.0,0
2026-04-24,P017,عطر صيفي منعش 100 مل,عطور رجالية,19,120.0,0
2026-04-25,P017,عطر صيفي منعش 100 مل,عطور رجالية,55,98.58,1
2026-04-26,P017,عطر صيفي منعش 100 مل,عطور رجالية,42,98.58,1
2026-04-27,P017,عطر صيفي منعش 100 مل,عطور رجالية,66,98.58,1
2026-04-28,P017,عطر صيفي منعش 100 مل,عطور رجالية,16,98.58,1
2026-04-29,P017,عطر صيفي منعش 100 مل,عطور رجالية,21,120.0,0
2026-04-30,P017,عطر صيفي منعش 100 مل,عطور رجالية,12,120.0,0
2026-05-01,P017,عطر صيفي منعش 100 مل,عطور رجالية,15,120.0,0
2026-05-02,P017,عطر صيفي منعش 100 مل,عطور رجالية,21,120.0,0
2026-05-03,P017,عطر صيفي منعش 100 مل,عطور رجالية,22,120.0,0
2026-05-04,P017,عطر صيفي منعش 100 مل,عطور رجالية,10,120.0,0
2026-05-05,P017,عطر صيفي منعش 100 مل,عطور رجالية,16,120.0,0
2026-05-06,P017,عطر صيفي منعش 100 مل,عطور رجالية,18,120.0,0
2026-05-07,P017,عطر صيفي منعش 100 مل,عطور رجالية,23,120.0,0
2026-05-08,P017,عطر صيفي منعش 100 مل,عطور رجالية,18,120.0,0
2026-05-09,P017,عطر صيفي منعش 100 مل,عطور رجالية,21,120.0,0
2026-05-10,P017,عطر صيفي منعش 100 مل,عطور رجالية,9,120.0,0
2026-05-11,P017,عطر صيفي منعش 100 مل,عطور رجالية,17,120.0,0
2026-05-12,P017,عطر صيفي منعش 100 مل,عطور رجالية,18,120.0,0
2026-05-13,P017,عطر صيفي منعش 100 مل,عطور رجالية,13,120.0,0
2026-05-14,P017,عطر صيفي منعش 100 مل,عطور رجالية,10,120.0,0
2026-05-15,P017,عطر صيفي منعش 100 مل,عطور رجالية,13,120.0,0
2026-05-16,P017,عطر صيفي منعش 100 مل,عطور رجالية,28,120.0,0
2026-05-17,P017,عطر صيفي منعش 100 مل,عطور رجالية,22,120.0,0
2026-05-18,P017,عطر صيفي منعش 100 مل,عطور رجالية,7,120.0,0
2026-05-19,P017,عطر صيفي منعش 100 مل,عطور رجالية,35,120.0,0
2026-05-20,P017,عطر صيفي منعش 100 مل,عطور رجالية,17,120.0,0
2026-05-21,P017,عطر صيفي منعش 100 مل,عطور رجالية,18,120.0,0
2026-05-22,P017,عطر صيفي منعش 100 مل,عطور رجالية,24,120.0,0
2026-05-23,P017,عطر صيفي منعش 100 مل,عطور رجالية,27,120.0,0
2026-05-24,P017,عطر صيفي منعش 100 مل,عطور رجالية,28,120.0,0
2026-05-25,P017,عطر صيفي منعش 100 مل,عطور رجالية,11,120.0,0
2026-05-26,P017,عطر صيفي منعش 100 مل,عطور رجالية,16,120.0,0
2026-05-27,P017,عطر صيفي منعش 100 مل,عطور رجالية,23,120.0,0
2026-05-28,P017,عطر صيفي منعش 100 مل,عطور رجالية,20,120.0,0
2026-05-29,P017,عطر صيفي منعش 100 مل,عطور رجالية,43,120.0,0
2026-05-30,P017,عطر صيفي منعش 100 مل,عطور رجالية,29,120.0,0
2026-05-31,P017,عطر صيفي منعش 100 مل,عطور رجالية,31,120.0,0
2026-06-01,P017,عطر صيفي منعش 100 مل,عطور رجالية,25,98.58,1
2026-06-02,P017,عطر صيفي منعش 100 مل,عطور رجالية,26,98.58,1
2026-06-03,P017,عطر صيفي منعش 100 مل,عطور رجالية,15,120.0,0
2026-06-04,P017,عطر صيفي منعش 100 مل,عطور رجالية,14,120.0,0
2026-06-05,P017,عطر صيفي منعش 100 مل,عطور رجالية,12,120.0,0
2026-06-06,P017,عطر صيفي منعش 100 مل,عطور رجالية,28,120.0,0
2026-06-07,P017,عطر صيفي منعش 100 مل,عطور رجالية,27,120.0,0
2026-06-08,P017,عطر صيفي منعش 100 مل,عطور رجالية,17,120.0,0
2026-06-09,P017,عطر صيفي منعش 100 مل,عطور رجالية,32,120.0,0
2026-06-10,P017,عطر صيفي منعش 100 مل,عطور رجالية,20,120.0,0
2026-06-11,P017,عطر صيفي منعش 100 مل,عطور رجالية,14,120.0,0
2026-06-12,P017,عطر صيفي منعش 100 مل,عطور رجالية,15,120.0,0
2026-06-13,P017,عطر صيفي منعش 100 مل,عطور رجالية,43,98.58,1
2026-06-14,P017,عطر صيفي منعش 100 مل,عطور رجالية,35,98.58,1
2026-06-15,P017,عطر صيفي منعش 100 مل,عطور رجالية,18,120.0,0
2026-06-16,P017,عطر صيفي منعش 100 مل,عطور رجالية,8,120.0,0
2026-06-17,P017,عطر صيفي منعش 100 مل,عطور رجالية,15,120.0,0
2026-06-18,P017,عطر صيفي منعش 100 مل,عطور رجالية,15,120.0,0
2026-06-19,P017,عطر صيفي منعش 100 مل,عطور رجالية,22,120.0,0
2026-06-20,P017,عطر صيفي منعش 100 مل,عطور رجالية,10,120.0,0
2026-06-21,P017,عطر صيفي منعش 100 مل,عطور رجالية,13,98.58,1
2026-06-22,P017,عطر صيفي منعش 100 مل,عطور رجالية,36,98.58,1
2026-06-23,P017,عطر صيفي منعش 100 مل,عطور رجالية,12,120.0,0
2026-06-24,P017,عطر صيفي منعش 100 مل,عطور رجالية,7,120.0,0
2026-06-25,P017,عطر صيفي منعش 100 مل,عطور رجالية,25,120.0,0
2026-06-26,P017,عطر صيفي منعش 100 مل,عطور رجالية,22,120.0,0
2026-06-27,P017,عطر صيفي منعش 100 مل,عطور رجالية,15,120.0,0
2026-06-28,P017,عطر صيفي منعش 100 مل,عطور رجالية,5,120.0,0
2026-06-29,P017,عطر صيفي منعش 100 مل,عطور رجالية,11,120.0,0
2026-06-30,P017,عطر صيفي منعش 100 مل,عطور رجالية,16,120.0,0
2026-07-01,P017,عطر صيفي منعش 100 مل,عطور رجالية,11,120.0,0
2026-07-02,P017,عطر صيفي منعش 100 مل,عطور رجالية,6,120.0,0
2026-07-03,P017,عطر صيفي منعش 100 مل,عطور رجالية,18,120.0,0
2026-07-04,P017,عطر صيفي منعش 100 مل,عطور رجالية,10,120.0,0
2026-07-05,P017,عطر صيفي منعش 100 مل,عطور رجالية,7,120.0,0
2026-07-06,P017,عطر صيفي منعش 100 مل,عطور رجالية,8,120.0,0
2026-07-07,P017,عطر صيفي منعش 100 مل,عطور رجالية,6,120.0,0
2026-07-08,P017,عطر صيفي منعش 100 مل,عطور رجالية,8,120.0,0
2026-07-09,P017,عطر صيفي منعش 100 مل,عطور رجالية,7,120.0,0
2026-07-10,P017,عطر صيفي منعش 100 مل,عطور رجالية,19,120.0,0
2026-07-11,P017,عطر صيفي منعش 100 مل,عطور رجالية,19,98.58,1
2026-07-12,P017,عطر صيفي منعش 100 مل,عطور رجالية,23,98.58,1
2026-07-13,P017,عطر صيفي منعش 100 مل,عطور رجالية,29,98.58,1
2026-07-14,P017,عطر صيفي منعش 100 مل,عطور رجالية,15,98.58,1
2026-07-15,P017,عطر صيفي منعش 100 مل,عطور رجالية,14,120.0,0
2026-07-16,P017,عطر صيفي منعش 100 مل,عطور رجالية,9,120.0,0
2026-07-17,P017,عطر صيفي منعش 100 مل,عطور رجالية,15,120.0,0
2026-07-18,P017,عطر صيفي منعش 100 مل,عطور رجالية,15,120.0,0
2026-07-19,P017,عطر صيفي منعش 100 مل,عطور رجالية,12,120.0,0
2026-07-20,P017,عطر صيفي منعش 100 مل,عطور رجالية,3,120.0,0
2026-07-21,P017,عطر صيفي منعش 100 مل,عطور رجالية,11,120.0,0
2026-07-22,P017,عطر صيفي منعش 100 مل,عطور رجالية,8,120.0,0
2026-07-23,P017,عطر صيفي منعش 100 مل,عطور رجالية,4,120.0,0
2026-07-24,P017,عطر صيفي منعش 100 مل,عطور رجالية,6,120.0,0
2026-07-25,P017,عطر صيفي منعش 100 مل,عطور رجالية,13,120.0,0
2026-07-26,P017,عطر صيفي منعش 100 مل,عطور رجالية,12,120.0,0
2026-07-27,P017,عطر صيفي منعش 100 مل,عطور رجالية,5,120.0,0
2026-07-28,P017,عطر صيفي منعش 100 مل,عطور رجالية,4,120.0,0
2026-07-29,P017,عطر صيفي منعش 100 مل,عطور رجالية,2,120.0,0
2026-07-30,P017,عطر صيفي منعش 100 مل,عطور رجالية,12,120.0,0
2026-07-31,P017,عطر صيفي منعش 100 مل,عطور رجالية,12,120.0,0
2026-08-01,P017,عطر صيفي منعش 100 مل,عطور رجالية,11,120.0,0
2026-08-02,P017,عطر صيفي منعش 100 مل,عطور رجالية,11,120.0,0
2026-08-03,P017,عطر صيفي منعش 100 مل,عطور رجالية,10,120.0,0
2026-08-04,P017,عطر صيفي منعش 100 مل,عطور رجالية,8,98.58,1
2026-08-05,P017,عطر صيفي منعش 100 مل,عطور رجالية,19,98.58,1
2026-08-06,P017,عطر صيفي منعش 100 مل,عطور رجالية,7,98.58,1
2026-08-07,P017,عطر صيفي منعش 100 مل,عطور رجالية,17,98.58,1
2026-08-08,P017,عطر صيفي منعش 100 مل,عطور رجالية,34,98.58,1
2026-08-09,P017,عطر صيفي منعش 100 مل,عطور رجالية,7,98.58,1
2026-08-10,P017,عطر صيفي منعش 100 مل,عطور رجالية,9,98.58,1
2026-08-11,P017,عطر صيفي منعش 100 مل,عطور رجالية,9,120.0,0
2026-08-12,P017,عطر صيفي منعش 100 مل,عطور رجالية,10,120.0,0
2026-08-13,P017,عطر صيفي منعش 100 مل,عطور رجالية,6,120.0,0
2026-08-14,P017,عطر صيفي منعش 100 مل,عطور رجالية,7,120.0,0
2026-08-15,P017,عطر صيفي منعش 100 مل,عطور رجالية,5,120.0,0
2026-08-16,P017,عطر صيفي منعش 100 مل,عطور رجالية,11,120.0,0
2026-08-17,P017,عطر صيفي منعش 100 مل,عطور رجالية,11,120.0,0
2026-08-18,P017,عطر صيفي منعش 100 مل,عطور رجالية,12,120.0,0
2026-08-19,P017,عطر صيفي منعش 100 مل,عطور رجالية,11,120.0,0
2026-08-20,P017,عطر صيفي منعش 100 مل,عطور رجالية,11,120.0,0
2026-08-21,P017,عطر صيفي منعش 100 مل,عطور رجالية,9,120.0,0
2026-08-22,P017,عطر صيفي منعش 100 مل,عطور رجالية,8,120.0,0
2026-08-23,P017,عطر صيفي منعش 100 مل,عطور رجالية,3,120.0,0
2026-08-24,P017,عطر صيفي منعش 100 مل,عطور رجالية,5,120.0,0
2026-08-25,P017,عطر صيفي منعش 100 مل,عطور رجالية,10,120.0,0
2026-08-26,P017,عطر صيفي منعش 100 مل,عطور رجالية,6,120.0,0
2026-08-27,P017,عطر صيفي منعش 100 مل,عطور رجالية,15,120.0,0
2026-08-28,P017,عطر صيفي منعش 100 مل,عطور رجالية,13,120.0,0
2026-08-29,P017,عطر صيفي منعش 100 مل,عطور رجالية,13,120.0,0
2026-08-30,P017,عطر صيفي منعش 100 مل,عطور رجالية,9,120.0,0
2026-08-31,P017,عطر صيفي منعش 100 مل,عطور رجالية,8,120.0,0
2026-09-01,P017,عطر صيفي منعش 100 مل,عطور رجالية,3,120.0,0
2026-09-02,P017,عطر صيفي منعش 100 مل,عطور رجالية,22,98.58,1
2026-09-03,P017,عطر صيفي منعش 100 مل,عطور رجالية,19,98.58,1
2026-09-04,P017,عطر صيفي منعش 100 مل,عطور رجالية,15,120.0,0
2026-09-05,P017,عطر صيفي منعش 100 مل,عطور رجالية,4,120.0,0
2026-09-06,P017,عطر صيفي منعش 100 مل,عطور رجالية,6,120.0,0
2026-09-07,P017,عطر صيفي منعش 100 مل,عطور رجالية,10,120.0,0
2026-09-08,P017,عطر صيفي منعش 100 مل,عطور رجالية,9,120.0,0
2026-09-09,P017,عطر صيفي منعش 100 مل,عطور رجالية,11,120.0,0
2026-09-10,P017,عطر صيفي منعش 100 مل,عطور رجالية,9,120.0,0
2026-09-11,P017,عطر صيفي منعش 100 مل,عطور رجالية,9,120.0,0
2026-09-12,P017,عطر صيفي منعش 100 مل,عطور رجالية,13,120.0,0
2026-03-17,P018,دهن عود هندي VIP 3 مل,عود ودهن,0,1450.0,0
2026-03-18,P018,دهن عود هندي VIP 3 مل,عود ودهن,1,1450.0,0
2026-03-19,P018,دهن عود هندي VIP 3 مل,عود ودهن,2,1450.0,0
2026-03-20,P018,دهن عود هندي VIP 3 مل,عود ودهن,0,1450.0,0
2026-03-21,P018,دهن عود هندي VIP 3 مل,عود ودهن,0,1450.0,0
2026-03-22,P018,دهن عود هندي VIP 3 مل,عود ودهن,3,1450.0,0
2026-03-23,P018,دهن عود هندي VIP 3 مل,عود ودهن,1,1450.0,0
2026-03-24,P018,دهن عود هندي VIP 3 مل,عود ودهن,0,1450.0,0
2026-03-25,P018,دهن عود هندي VIP 3 مل,عود ودهن,1,1450.0,0
2026-03-26,P018,دهن عود هندي VIP 3 مل,عود ودهن,1,1450.0,0
2026-03-27,P018,دهن عود هندي VIP 3 مل,عود ودهن,2,1450.0,0
2026-03-28,P018,دهن عود هندي VIP 3 مل,عود ودهن,2,1450.0,0
2026-03-29,P018,دهن عود هندي VIP 3 مل,عود ودهن,1,1450.0,0
2026-03-30,P018,دهن عود هندي VIP 3 مل,عود ودهن,3,1450.0,0
2026-03-31,P018,دهن عود هندي VIP 3 مل,عود ودهن,1,1450.0,0
2026-04-01,P018,دهن عود هندي VIP 3 مل,عود ودهن,1,1450.0,0
2026-04-02,P018,دهن عود هندي VIP 3 مل,عود ودهن,2,1450.0,0
2026-04-03,P018,دهن عود هندي VIP 3 مل,عود ودهن,0,1450.0,0
2026-04-04,P018,دهن عود هندي VIP 3 مل,عود ودهن,2,1450.0,0
2026-04-05,P018,دهن عود هندي VIP 3 مل,عود ودهن,4,1450.0,0
2026-04-06,P018,دهن عود هندي VIP 3 مل,عود ودهن,3,1450.0,0
2026-04-07,P018,دهن عود هندي VIP 3 مل,عود ودهن,0,1450.0,0
2026-04-08,P018,دهن عود هندي VIP 3 مل,عود ودهن,3,1450.0,0
2026-04-09,P018,دهن عود هندي VIP 3 مل,عود ودهن,0,1450.0,0
2026-04-10,P018,دهن عود هندي VIP 3 مل,عود ودهن,3,1450.0,0
2026-04-11,P018,دهن عود هندي VIP 3 مل,عود ودهن,2,1450.0,0
2026-04-12,P018,دهن عود هندي VIP 3 مل,عود ودهن,0,1450.0,0
2026-04-13,P018,دهن عود هندي VIP 3 مل,عود ودهن,2,1450.0,0
2026-04-14,P018,دهن عود هندي VIP 3 مل,عود ودهن,1,1450.0,0
2026-04-15,P018,دهن عود هندي VIP 3 مل,عود ودهن,1,1450.0,0
2026-04-16,P018,دهن عود هندي VIP 3 مل,عود ودهن,1,1450.0,0
2026-04-17,P018,دهن عود هندي VIP 3 مل,عود ودهن,2,1450.0,0
2026-04-18,P018,دهن عود هندي VIP 3 مل,عود ودهن,6,1450.0,0
2026-04-19,P018,دهن عود هندي VIP 3 مل,عود ودهن,0,1450.0,0
2026-04-20,P018,دهن عود هندي VIP 3 مل,عود ودهن,1,1450.0,0
2026-04-21,P018,دهن عود هندي VIP 3 مل,عود ودهن,1,1450.0,0
2026-04-22,P018,دهن عود هندي VIP 3 مل,عود ودهن,1,1450.0,0
2026-04-23,P018,دهن عود هندي VIP 3 مل,عود ودهن,1,1450.0,0
2026-04-24,P018,دهن عود هندي VIP 3 مل,عود ودهن,2,1450.0,0
2026-04-25,P018,دهن عود هندي VIP 3 مل,عود ودهن,2,1450.0,0
2026-04-26,P018,دهن عود هندي VIP 3 مل,عود ودهن,1,1450.0,0
2026-04-27,P018,دهن عود هندي VIP 3 مل,عود ودهن,4,1450.0,0
2026-04-28,P018,دهن عود هندي VIP 3 مل,عود ودهن,1,1450.0,0
2026-04-29,P018,دهن عود هندي VIP 3 مل,عود ودهن,0,1450.0,0
2026-04-30,P018,دهن عود هندي VIP 3 مل,عود ودهن,0,1450.0,0
2026-05-01,P018,دهن عود هندي VIP 3 مل,عود ودهن,1,1450.0,0
2026-05-02,P018,دهن عود هندي VIP 3 مل,عود ودهن,0,1450.0,0
2026-05-03,P018,دهن عود هندي VIP 3 مل,عود ودهن,0,1450.0,0
2026-05-04,P018,دهن عود هندي VIP 3 مل,عود ودهن,1,1450.0,0
2026-05-05,P018,دهن عود هندي VIP 3 مل,عود ودهن,0,1450.0,0
2026-05-06,P018,دهن عود هندي VIP 3 مل,عود ودهن,0,1450.0,0
2026-05-07,P018,دهن عود هندي VIP 3 مل,عود ودهن,2,1450.0,0
2026-05-08,P018,دهن عود هندي VIP 3 مل,عود ودهن,3,1450.0,0
2026-05-09,P018,دهن عود هندي VIP 3 مل,عود ودهن,2,1450.0,0
2026-05-10,P018,دهن عود هندي VIP 3 مل,عود ودهن,1,1450.0,0
2026-05-11,P018,دهن عود هندي VIP 3 مل,عود ودهن,4,1450.0,0
2026-05-12,P018,دهن عود هندي VIP 3 مل,عود ودهن,3,1450.0,0
2026-05-13,P018,دهن عود هندي VIP 3 مل,عود ودهن,1,1450.0,0
2026-05-14,P018,دهن عود هندي VIP 3 مل,عود ودهن,1,1450.0,0
2026-05-15,P018,دهن عود هندي VIP 3 مل,عود ودهن,1,1450.0,0
2026-05-16,P018,دهن عود هندي VIP 3 مل,عود ودهن,4,1450.0,0
2026-05-17,P018,دهن عود هندي VIP 3 مل,عود ودهن,2,1450.0,0
2026-05-18,P018,دهن عود هندي VIP 3 مل,عود ودهن,7,1160.5,1
2026-05-19,P018,دهن عود هندي VIP 3 مل,عود ودهن,3,1160.5,1
2026-05-20,P018,دهن عود هندي VIP 3 مل,عود ودهن,9,1160.5,1
2026-05-21,P018,دهن عود هندي VIP 3 مل,عود ودهن,3,1450.0,0
2026-05-22,P018,دهن عود هندي VIP 3 مل,عود ودهن,2,1450.0,0
2026-05-23,P018,دهن عود هندي VIP 3 مل,عود ودهن,6,1450.0,0
2026-05-24,P018,دهن عود هندي VIP 3 مل,عود ودهن,2,1450.0,0
2026-05-25,P018,دهن عود هندي VIP 3 مل,عود ودهن,3,1160.5,1
2026-05-26,P018,دهن عود هندي VIP 3 مل,عود ودهن,0,1160.5,1
2026-05-27,P018,دهن عود هندي VIP 3 مل,عود ودهن,1,1160.5,1
2026-05-28,P018,دهن عود هندي VIP 3 مل,عود ودهن,3,1160.5,1
2026-05-29,P018,دهن عود هندي VIP 3 مل,عود ودهن,5,1450.0,0
2026-05-30,P018,دهن عود هندي VIP 3 مل,عود ودهن,3,1450.0,0
2026-05-31,P018,دهن عود هندي VIP 3 مل,عود ودهن,2,1450.0,0
2026-06-01,P018,دهن عود هندي VIP 3 مل,عود ودهن,1,1450.0,0
2026-06-02,P018,دهن عود هندي VIP 3 مل,عود ودهن,2,1450.0,0
2026-06-03,P018,دهن عود هندي VIP 3 مل,عود ودهن,2,1450.0,0
2026-06-04,P018,دهن عود هندي VIP 3 مل,عود ودهن,1,1450.0,0
2026-06-05,P018,دهن عود هندي VIP 3 مل,عود ودهن,4,1450.0,0
2026-06-06,P018,دهن عود هندي VIP 3 مل,عود ودهن,1,1450.0,0
2026-06-07,P018,دهن عود هندي VIP 3 مل,عود ودهن,2,1450.0,0
2026-06-08,P018,دهن عود هندي VIP 3 مل,عود ودهن,0,1450.0,0
2026-06-09,P018,دهن عود هندي VIP 3 مل,عود ودهن,0,1450.0,0
2026-06-10,P018,دهن عود هندي VIP 3 مل,عود ودهن,1,1450.0,0
2026-06-11,P018,دهن عود هندي VIP 3 مل,عود ودهن,2,1450.0,0
2026-06-12,P018,دهن عود هندي VIP 3 مل,عود ودهن,5,1450.0,0
2026-06-13,P018,دهن عود هندي VIP 3 مل,عود ودهن,1,1450.0,0
2026-06-14,P018,دهن عود هندي VIP 3 مل,عود ودهن,0,1450.0,0
2026-06-15,P018,دهن عود هندي VIP 3 مل,عود ودهن,0,1450.0,0
2026-06-16,P018,دهن عود هندي VIP 3 مل,عود ودهن,2,1160.5,1
2026-06-17,P018,دهن عود هندي VIP 3 مل,عود ودهن,1,1160.5,1
2026-06-18,P018,دهن عود هندي VIP 3 مل,عود ودهن,3,1160.5,1
2026-06-19,P018,دهن عود هندي VIP 3 مل,عود ودهن,2,1160.5,1
2026-06-20,P018,دهن عود هندي VIP 3 مل,عود ودهن,2,1450.0,0
2026-06-21,P018,دهن عود هندي VIP 3 مل,عود ودهن,2,1450.0,0
2026-06-22,P018,دهن عود هندي VIP 3 مل,عود ودهن,0,1450.0,0
2026-06-23,P018,دهن عود هندي VIP 3 مل,عود ودهن,0,1450.0,0
2026-06-24,P018,دهن عود هندي VIP 3 مل,عود ودهن,0,1450.0,0
2026-06-25,P018,دهن عود هندي VIP 3 مل,عود ودهن,0,1450.0,0
2026-06-26,P018,دهن عود هندي VIP 3 مل,عود ودهن,1,1450.0,0
2026-06-27,P018,دهن عود هندي VIP 3 مل,عود ودهن,0,1450.0,0
2026-06-28,P018,دهن عود هندي VIP 3 مل,عود ودهن,1,1450.0,0
2026-06-29,P018,دهن عود هندي VIP 3 مل,عود ودهن,1,1450.0,0
2026-06-30,P018,دهن عود هندي VIP 3 مل,عود ودهن,0,1450.0,0
2026-07-01,P018,دهن عود هندي VIP 3 مل,عود ودهن,1,1450.0,0
2026-07-02,P018,دهن عود هندي VIP 3 مل,عود ودهن,0,1450.0,0
2026-07-03,P018,دهن عود هندي VIP 3 مل,عود ودهن,2,1450.0,0
2026-07-04,P018,دهن عود هندي VIP 3 مل,عود ودهن,3,1450.0,0
2026-07-05,P018,دهن عود هندي VIP 3 مل,عود ودهن,2,1450.0,0
2026-07-06,P018,دهن عود هندي VIP 3 مل,عود ودهن,0,1450.0,0
2026-07-07,P018,دهن عود هندي VIP 3 مل,عود ودهن,2,1450.0,0
2026-07-08,P018,دهن عود هندي VIP 3 مل,عود ودهن,1,1450.0,0
2026-07-09,P018,دهن عود هندي VIP 3 مل,عود ودهن,2,1450.0,0
2026-07-10,P018,دهن عود هندي VIP 3 مل,عود ودهن,2,1450.0,0
2026-07-11,P018,دهن عود هندي VIP 3 مل,عود ودهن,0,1450.0,0
2026-07-12,P018,دهن عود هندي VIP 3 مل,عود ودهن,0,1450.0,0
2026-07-13,P018,دهن عود هندي VIP 3 مل,عود ودهن,0,1450.0,0
2026-07-14,P018,دهن عود هندي VIP 3 مل,عود ودهن,0,1450.0,0
2026-07-15,P018,دهن عود هندي VIP 3 مل,عود ودهن,0,1450.0,0
2026-07-16,P018,دهن عود هندي VIP 3 مل,عود ودهن,1,1450.0,0
2026-07-17,P018,دهن عود هندي VIP 3 مل,عود ودهن,1,1450.0,0
2026-07-18,P018,دهن عود هندي VIP 3 مل,عود ودهن,1,1450.0,0
2026-07-19,P018,دهن عود هندي VIP 3 مل,عود ودهن,4,1450.0,0
2026-07-20,P018,دهن عود هندي VIP 3 مل,عود ودهن,0,1450.0,0
2026-07-21,P018,دهن عود هندي VIP 3 مل,عود ودهن,2,1450.0,0
2026-07-22,P018,دهن عود هندي VIP 3 مل,عود ودهن,0,1450.0,0
2026-07-23,P018,دهن عود هندي VIP 3 مل,عود ودهن,1,1450.0,0
2026-07-24,P018,دهن عود هندي VIP 3 مل,عود ودهن,1,1450.0,0
2026-07-25,P018,دهن عود هندي VIP 3 مل,عود ودهن,2,1450.0,0
2026-07-26,P018,دهن عود هندي VIP 3 مل,عود ودهن,1,1450.0,0
2026-07-27,P018,دهن عود هندي VIP 3 مل,عود ودهن,2,1450.0,0
2026-07-28,P018,دهن عود هندي VIP 3 مل,عود ودهن,0,1450.0,0
2026-07-29,P018,دهن عود هندي VIP 3 مل,عود ودهن,0,1450.0,0
2026-07-30,P018,دهن عود هندي VIP 3 مل,عود ودهن,0,1450.0,0
2026-07-31,P018,دهن عود هندي VIP 3 مل,عود ودهن,1,1450.0,0
2026-08-01,P018,دهن عود هندي VIP 3 مل,عود ودهن,0,1450.0,0
2026-08-02,P018,دهن عود هندي VIP 3 مل,عود ودهن,2,1450.0,0
2026-08-03,P018,دهن عود هندي VIP 3 مل,عود ودهن,0,1450.0,0
2026-08-04,P018,دهن عود هندي VIP 3 مل,عود ودهن,0,1450.0,0
2026-08-05,P018,دهن عود هندي VIP 3 مل,عود ودهن,0,1450.0,0
2026-08-06,P018,دهن عود هندي VIP 3 مل,عود ودهن,2,1450.0,0
2026-08-07,P018,دهن عود هندي VIP 3 مل,عود ودهن,0,1450.0,0
2026-08-08,P018,دهن عود هندي VIP 3 مل,عود ودهن,5,1450.0,0
2026-08-09,P018,دهن عود هندي VIP 3 مل,عود ودهن,2,1450.0,0
2026-08-10,P018,دهن عود هندي VIP 3 مل,عود ودهن,0,1450.0,0
2026-08-11,P018,دهن عود هندي VIP 3 مل,عود ودهن,3,1450.0,0
2026-08-12,P018,دهن عود هندي VIP 3 مل,عود ودهن,3,1450.0,0
2026-08-13,P018,دهن عود هندي VIP 3 مل,عود ودهن,1,1450.0,0
2026-08-14,P018,دهن عود هندي VIP 3 مل,عود ودهن,2,1450.0,0
2026-08-15,P018,دهن عود هندي VIP 3 مل,عود ودهن,2,1450.0,0
2026-08-16,P018,دهن عود هندي VIP 3 مل,عود ودهن,7,1450.0,0
2026-08-17,P018,دهن عود هندي VIP 3 مل,عود ودهن,3,1450.0,0
2026-08-18,P018,دهن عود هندي VIP 3 مل,عود ودهن,0,1450.0,0
2026-08-19,P018,دهن عود هندي VIP 3 مل,عود ودهن,1,1450.0,0
2026-08-20,P018,دهن عود هندي VIP 3 مل,عود ودهن,1,1450.0,0
2026-08-21,P018,دهن عود هندي VIP 3 مل,عود ودهن,2,1450.0,0
2026-08-22,P018,دهن عود هندي VIP 3 مل,عود ودهن,6,1450.0,0
2026-08-23,P018,دهن عود هندي VIP 3 مل,عود ودهن,3,1450.0,0
2026-08-24,P018,دهن عود هندي VIP 3 مل,عود ودهن,1,1450.0,0
2026-08-25,P018,دهن عود هندي VIP 3 مل,عود ودهن,0,1450.0,0
2026-08-26,P018,دهن عود هندي VIP 3 مل,عود ودهن,3,1450.0,0
2026-08-27,P018,دهن عود هندي VIP 3 مل,عود ودهن,1,1450.0,0
2026-08-28,P018,دهن عود هندي VIP 3 مل,عود ودهن,0,1450.0,0
2026-08-29,P018,دهن عود هندي VIP 3 مل,عود ودهن,2,1450.0,0
2026-08-30,P018,دهن عود هندي VIP 3 مل,عود ودهن,3,1450.0,0
2026-08-31,P018,دهن عود هندي VIP 3 مل,عود ودهن,0,1450.0,0
2026-09-01,P018,دهن عود هندي VIP 3 مل,عود ودهن,4,1450.0,0
2026-09-02,P018,دهن عود هندي VIP 3 مل,عود ودهن,0,1450.0,0
2026-09-03,P018,دهن عود هندي VIP 3 مل,عود ودهن,0,1450.0,0
2026-09-04,P018,دهن عود هندي VIP 3 مل,عود ودهن,2,1450.0,0
2026-09-05,P018,دهن عود هندي VIP 3 مل,عود ودهن,0,1450.0,0
2026-09-06,P018,دهن عود هندي VIP 3 مل,عود ودهن,1,1450.0,0
2026-09-07,P018,دهن عود هندي VIP 3 مل,عود ودهن,0,1450.0,0
2026-09-08,P018,دهن عود هندي VIP 3 مل,عود ودهن,0,1450.0,0
2026-09-09,P018,دهن عود هندي VIP 3 مل,عود ودهن,3,1450.0,0
2026-09-10,P018,دهن عود هندي VIP 3 مل,عود ودهن,1,1450.0,0
2026-09-11,P018,دهن عود هندي VIP 3 مل,عود ودهن,1,1450.0,0
2026-09-12,P018,دهن عود هندي VIP 3 مل,عود ودهن,0,1450.0,0
2026-03-17,P019,عطر الأميرة الذهبي 75 مل,عطور نسائية,3,520.0,0
2026-03-18,P019,عطر الأميرة الذهبي 75 مل,عطور نسائية,7,520.0,0
2026-03-19,P019,عطر الأميرة الذهبي 75 مل,عطور نسائية,5,520.0,0
2026-03-20,P019,عطر الأميرة الذهبي 75 مل,عطور نسائية,1,520.0,0
2026-03-21,P019,عطر الأميرة الذهبي 75 مل,عطور نسائية,2,520.0,0
2026-03-22,P019,عطر الأميرة الذهبي 75 مل,عطور نسائية,1,520.0,0
2026-03-23,P019,عطر الأميرة الذهبي 75 مل,عطور نسائية,4,520.0,0
2026-03-24,P019,عطر الأميرة الذهبي 75 مل,عطور نسائية,1,520.0,0
2026-03-25,P019,عطر الأميرة الذهبي 75 مل,عطور نسائية,9,433.01,1
2026-03-26,P019,عطر الأميرة الذهبي 75 مل,عطور نسائية,3,433.01,1
2026-03-27,P019,عطر الأميرة الذهبي 75 مل,عطور نسائية,13,433.01,1
2026-03-28,P019,عطر الأميرة الذهبي 75 مل,عطور نسائية,3,520.0,0
2026-03-29,P019,عطر الأميرة الذهبي 75 مل,عطور نسائية,1,520.0,0
2026-03-30,P019,عطر الأميرة الذهبي 75 مل,عطور نسائية,4,520.0,0
2026-03-31,P019,عطر الأميرة الذهبي 75 مل,عطور نسائية,2,520.0,0
2026-04-01,P019,عطر الأميرة الذهبي 75 مل,عطور نسائية,1,520.0,0
2026-04-02,P019,عطر الأميرة الذهبي 75 مل,عطور نسائية,3,520.0,0
2026-04-03,P019,عطر الأميرة الذهبي 75 مل,عطور نسائية,1,520.0,0
2026-04-04,P019,عطر الأميرة الذهبي 75 مل,عطور نسائية,1,520.0,0
2026-04-05,P019,عطر الأميرة الذهبي 75 مل,عطور نسائية,5,520.0,0
2026-04-06,P019,عطر الأميرة الذهبي 75 مل,عطور نسائية,4,520.0,0
2026-04-07,P019,عطر الأميرة الذهبي 75 مل,عطور نسائية,4,520.0,0
2026-04-08,P019,عطر الأميرة الذهبي 75 مل,عطور نسائية,1,520.0,0
2026-04-09,P019,عطر الأميرة الذهبي 75 مل,عطور نسائية,3,520.0,0
2026-04-10,P019,عطر الأميرة الذهبي 75 مل,عطور نسائية,1,520.0,0
2026-04-11,P019,عطر الأميرة الذهبي 75 مل,عطور نسائية,0,520.0,0
2026-04-12,P019,عطر الأميرة الذهبي 75 مل,عطور نسائية,3,520.0,0
2026-04-13,P019,عطر الأميرة الذهبي 75 مل,عطور نسائية,4,433.01,1
2026-04-14,P019,عطر الأميرة الذهبي 75 مل,عطور نسائية,4,433.01,1
2026-04-15,P019,عطر الأميرة الذهبي 75 مل,عطور نسائية,7,433.01,1
2026-04-16,P019,عطر الأميرة الذهبي 75 مل,عطور نسائية,1,520.0,0
2026-04-17,P019,عطر الأميرة الذهبي 75 مل,عطور نسائية,6,433.01,1
2026-04-18,P019,عطر الأميرة الذهبي 75 مل,عطور نسائية,5,433.01,1
2026-04-19,P019,عطر الأميرة الذهبي 75 مل,عطور نسائية,12,433.01,1
2026-04-20,P019,عطر الأميرة الذهبي 75 مل,عطور نسائية,1,433.01,1
2026-04-21,P019,عطر الأميرة الذهبي 75 مل,عطور نسائية,1,520.0,0
2026-04-22,P019,عطر الأميرة الذهبي 75 مل,عطور نسائية,1,520.0,0
2026-04-23,P019,عطر الأميرة الذهبي 75 مل,عطور نسائية,4,520.0,0
2026-04-24,P019,عطر الأميرة الذهبي 75 مل,عطور نسائية,4,520.0,0
2026-04-25,P019,عطر الأميرة الذهبي 75 مل,عطور نسائية,1,520.0,0
2026-04-26,P019,عطر الأميرة الذهبي 75 مل,عطور نسائية,4,520.0,0
2026-04-27,P019,عطر الأميرة الذهبي 75 مل,عطور نسائية,2,520.0,0
2026-04-28,P019,عطر الأميرة الذهبي 75 مل,عطور نسائية,1,520.0,0
2026-04-29,P019,عطر الأميرة الذهبي 75 مل,عطور نسائية,2,520.0,0
2026-04-30,P019,عطر الأميرة الذهبي 75 مل,عطور نسائية,1,520.0,0
2026-05-01,P019,عطر الأميرة الذهبي 75 مل,عطور نسائية,2,520.0,0
2026-05-02,P019,عطر الأميرة الذهبي 75 مل,عطور نسائية,3,520.0,0
2026-05-03,P019,عطر الأميرة الذهبي 75 مل,عطور نسائية,3,520.0,0
2026-05-04,P019,عطر الأميرة الذهبي 75 مل,عطور نسائية,2,520.0,0
2026-05-05,P019,عطر الأميرة الذهبي 75 مل,عطور نسائية,1,520.0,0
2026-05-06,P019,عطر الأميرة الذهبي 75 مل,عطور نسائية,0,520.0,0
2026-05-07,P019,عطر الأميرة الذهبي 75 مل,عطور نسائية,3,520.0,0
2026-05-08,P019,عطر الأميرة الذهبي 75 مل,عطور نسائية,2,520.0,0
2026-05-09,P019,عطر الأميرة الذهبي 75 مل,عطور نسائية,4,520.0,0
2026-05-10,P019,عطر الأميرة الذهبي 75 مل,عطور نسائية,3,520.0,0
2026-05-11,P019,عطر الأميرة الذهبي 75 مل,عطور نسائية,0,520.0,0
2026-05-12,P019,عطر الأميرة الذهبي 75 مل,عطور نسائية,0,520.0,0
2026-05-13,P019,عطر الأميرة الذهبي 75 مل,عطور نسائية,3,520.0,0
2026-05-14,P019,عطر الأميرة الذهبي 75 مل,عطور نسائية,3,520.0,0
2026-05-15,P019,عطر الأميرة الذهبي 75 مل,عطور نسائية,1,520.0,0
2026-05-16,P019,عطر الأميرة الذهبي 75 مل,عطور نسائية,5,520.0,0
2026-05-17,P019,عطر الأميرة الذهبي 75 مل,عطور نسائية,1,520.0,0
2026-05-18,P019,عطر الأميرة الذهبي 75 مل,عطور نسائية,3,520.0,0
2026-05-19,P019,عطر الأميرة الذهبي 75 مل,عطور نسائية,0,520.0,0
2026-05-20,P019,عطر الأميرة الذهبي 75 مل,عطور نسائية,0,520.0,0
2026-05-21,P019,عطر الأميرة الذهبي 75 مل,عطور نسائية,2,520.0,0
2026-05-22,P019,عطر الأميرة الذهبي 75 مل,عطور نسائية,0,520.0,0
2026-05-23,P019,عطر الأميرة الذهبي 75 مل,عطور نسائية,1,520.0,0
2026-05-24,P019,عطر الأميرة الذهبي 75 مل,عطور نسائية,1,520.0,0
2026-05-25,P019,عطر الأميرة الذهبي 75 مل,عطور نسائية,3,520.0,0
2026-05-26,P019,عطر الأميرة الذهبي 75 مل,عطور نسائية,0,520.0,0
2026-05-27,P019,عطر الأميرة الذهبي 75 مل,عطور نسائية,0,520.0,0
2026-05-28,P019,عطر الأميرة الذهبي 75 مل,عطور نسائية,3,520.0,0
2026-05-29,P019,عطر الأميرة الذهبي 75 مل,عطور نسائية,5,520.0,0
2026-05-30,P019,عطر الأميرة الذهبي 75 مل,عطور نسائية,3,520.0,0
2026-05-31,P019,عطر الأميرة الذهبي 75 مل,عطور نسائية,1,520.0,0
2026-06-01,P019,عطر الأميرة الذهبي 75 مل,عطور نسائية,0,520.0,0
2026-06-02,P019,عطر الأميرة الذهبي 75 مل,عطور نسائية,4,520.0,0
2026-06-03,P019,عطر الأميرة الذهبي 75 مل,عطور نسائية,3,520.0,0
2026-06-04,P019,عطر الأميرة الذهبي 75 مل,عطور نسائية,4,520.0,0
2026-06-05,P019,عطر الأميرة الذهبي 75 مل,عطور نسائية,2,520.0,0
2026-06-06,P019,عطر الأميرة الذهبي 75 مل,عطور نسائية,0,520.0,0
2026-06-07,P019,عطر الأميرة الذهبي 75 مل,عطور نسائية,3,520.0,0
2026-06-08,P019,عطر الأميرة الذهبي 75 مل,عطور نسائية,2,520.0,0
2026-06-09,P019,عطر الأميرة الذهبي 75 مل,عطور نسائية,0,520.0,0
2026-06-10,P019,عطر الأميرة الذهبي 75 مل,عطور نسائية,3,433.01,1
2026-06-11,P019,عطر الأميرة الذهبي 75 مل,عطور نسائية,2,433.01,1
2026-06-12,P019,عطر الأميرة الذهبي 75 مل,عطور نسائية,7,520.0,0
2026-06-13,P019,عطر الأميرة الذهبي 75 مل,عطور نسائية,2,520.0,0
2026-06-14,P019,عطر الأميرة الذهبي 75 مل,عطور نسائية,2,520.0,0
2026-06-15,P019,عطر الأميرة الذهبي 75 مل,عطور نسائية,2,520.0,0
2026-06-16,P019,عطر الأميرة الذهبي 75 مل,عطور نسائية,4,520.0,0
2026-06-17,P019,عطر الأميرة الذهبي 75 مل,عطور نسائية,1,520.0,0
2026-06-18,P019,عطر الأميرة الذهبي 75 مل,عطور نسائية,3,520.0,0
2026-06-19,P019,عطر الأميرة الذهبي 75 مل,عطور نسائية,2,520.0,0
2026-06-20,P019,عطر الأميرة الذهبي 75 مل,عطور نسائية,1,520.0,0
2026-06-21,P019,عطر الأميرة الذهبي 75 مل,عطور نسائية,2,520.0,0
2026-06-22,P019,عطر الأميرة الذهبي 75 مل,عطور نسائية,2,520.0,0
2026-06-23,P019,عطر الأميرة الذهبي 75 مل,عطور نسائية,5,520.0,0
2026-06-24,P019,عطر الأميرة الذهبي 75 مل,عطور نسائية,3,520.0,0
2026-06-25,P019,عطر الأميرة الذهبي 75 مل,عطور نسائية,3,520.0,0
2026-06-26,P019,عطر الأميرة الذهبي 75 مل,عطور نسائية,1,520.0,0
2026-06-27,P019,عطر الأميرة الذهبي 75 مل,عطور نسائية,0,520.0,0
2026-06-28,P019,عطر الأميرة الذهبي 75 مل,عطور نسائية,0,520.0,0
2026-06-29,P019,عطر الأميرة الذهبي 75 مل,عطور نسائية,0,520.0,0
2026-06-30,P019,عطر الأميرة الذهبي 75 مل,عطور نسائية,4,520.0,0
2026-07-01,P019,عطر الأميرة الذهبي 75 مل,عطور نسائية,3,520.0,0
2026-07-02,P019,عطر الأميرة الذهبي 75 مل,عطور نسائية,2,520.0,0
2026-07-03,P019,عطر الأميرة الذهبي 75 مل,عطور نسائية,2,520.0,0
2026-07-04,P019,عطر الأميرة الذهبي 75 مل,عطور نسائية,5,520.0,0
2026-07-05,P019,عطر الأميرة الذهبي 75 مل,عطور نسائية,2,520.0,0
2026-07-06,P019,عطر الأميرة الذهبي 75 مل,عطور نسائية,4,520.0,0
2026-07-07,P019,عطر الأميرة الذهبي 75 مل,عطور نسائية,3,520.0,0
2026-07-08,P019,عطر الأميرة الذهبي 75 مل,عطور نسائية,6,520.0,0
2026-07-09,P019,عطر الأميرة الذهبي 75 مل,عطور نسائية,1,520.0,0
2026-07-10,P019,عطر الأميرة الذهبي 75 مل,عطور نسائية,3,520.0,0
2026-07-11,P019,عطر الأميرة الذهبي 75 مل,عطور نسائية,0,520.0,0
2026-07-12,P019,عطر الأميرة الذهبي 75 مل,عطور نسائية,0,520.0,0
2026-07-13,P019,عطر الأميرة الذهبي 75 مل,عطور نسائية,0,520.0,0
2026-07-14,P019,عطر الأميرة الذهبي 75 مل,عطور نسائية,0,520.0,0
2026-07-15,P019,عطر الأميرة الذهبي 75 مل,عطور نسائية,4,520.0,0
2026-07-16,P019,عطر الأميرة الذهبي 75 مل,عطور نسائية,2,520.0,0
2026-07-17,P019,عطر الأميرة الذهبي 75 مل,عطور نسائية,4,520.0,0
2026-07-18,P019,عطر الأميرة الذهبي 75 مل,عطور نسائية,1,520.0,0
2026-07-19,P019,عطر الأميرة الذهبي 75 مل,عطور نسائية,6,520.0,0
2026-07-20,P019,عطر الأميرة الذهبي 75 مل,عطور نسائية,0,520.0,0
2026-07-21,P019,عطر الأميرة الذهبي 75 مل,عطور نسائية,1,520.0,0
2026-07-22,P019,عطر الأميرة الذهبي 75 مل,عطور نسائية,2,520.0,0
2026-07-23,P019,عطر الأميرة الذهبي 75 مل,عطور نسائية,1,520.0,0
2026-07-24,P019,عطر الأميرة الذهبي 75 مل,عطور نسائية,3,520.0,0
2026-07-25,P019,عطر الأميرة الذهبي 75 مل,عطور نسائية,0,520.0,0
2026-07-26,P019,عطر الأميرة الذهبي 75 مل,عطور نسائية,3,520.0,0
2026-07-27,P019,عطر الأميرة الذهبي 75 مل,عطور نسائية,0,520.0,0
2026-07-28,P019,عطر الأميرة الذهبي 75 مل,عطور نسائية,0,520.0,0
2026-07-29,P019,عطر الأميرة الذهبي 75 مل,عطور نسائية,3,520.0,0
2026-07-30,P019,عطر الأميرة الذهبي 75 مل,عطور نسائية,5,520.0,0
2026-07-31,P019,عطر الأميرة الذهبي 75 مل,عطور نسائية,0,520.0,0
2026-08-01,P019,عطر الأميرة الذهبي 75 مل,عطور نسائية,6,520.0,0
2026-08-02,P019,عطر الأميرة الذهبي 75 مل,عطور نسائية,1,520.0,0
2026-08-03,P019,عطر الأميرة الذهبي 75 مل,عطور نسائية,1,520.0,0
2026-08-04,P019,عطر الأميرة الذهبي 75 مل,عطور نسائية,5,520.0,0
2026-08-05,P019,عطر الأميرة الذهبي 75 مل,عطور نسائية,2,520.0,0
2026-08-06,P019,عطر الأميرة الذهبي 75 مل,عطور نسائية,0,520.0,0
2026-08-07,P019,عطر الأميرة الذهبي 75 مل,عطور نسائية,1,520.0,0
2026-08-08,P019,عطر الأميرة الذهبي 75 مل,عطور نسائية,3,520.0,0
2026-08-09,P019,عطر الأميرة الذهبي 75 مل,عطور نسائية,2,520.0,0
2026-08-10,P019,عطر الأميرة الذهبي 75 مل,عطور نسائية,3,520.0,0
2026-08-11,P019,عطر الأميرة الذهبي 75 مل,عطور نسائية,3,520.0,0
2026-08-12,P019,عطر الأميرة الذهبي 75 مل,عطور نسائية,1,520.0,0
2026-08-13,P019,عطر الأميرة الذهبي 75 مل,عطور نسائية,3,520.0,0
2026-08-14,P019,عطر الأميرة الذهبي 75 مل,عطور نسائية,1,520.0,0
2026-08-15,P019,عطر الأميرة الذهبي 75 مل,عطور نسائية,5,520.0,0
2026-08-16,P019,عطر الأميرة الذهبي 75 مل,عطور نسائية,0,520.0,0
2026-08-17,P019,عطر الأميرة الذهبي 75 مل,عطور نسائية,2,520.0,0
2026-08-18,P019,عطر الأميرة الذهبي 75 مل,عطور نسائية,1,520.0,0
2026-08-19,P019,عطر الأميرة الذهبي 75 مل,عطور نسائية,1,520.0,0
2026-08-20,P019,عطر الأميرة الذهبي 75 مل,عطور نسائية,1,520.0,0
2026-08-21,P019,عطر الأميرة الذهبي 75 مل,عطور نسائية,4,520.0,0
2026-08-22,P019,عطر الأميرة الذهبي 75 مل,عطور نسائية,1,520.0,0
2026-08-23,P019,عطر الأميرة الذهبي 75 مل,عطور نسائية,3,520.0,0
2026-08-24,P019,عطر الأميرة الذهبي 75 مل,عطور نسائية,4,520.0,0
2026-08-25,P019,عطر الأميرة الذهبي 75 مل,عطور نسائية,0,520.0,0
2026-08-26,P019,عطر الأميرة الذهبي 75 مل,عطور نسائية,3,520.0,0
2026-08-27,P019,عطر الأميرة الذهبي 75 مل,عطور نسائية,3,520.0,0
2026-08-28,P019,عطر الأميرة الذهبي 75 مل,عطور نسائية,3,520.0,0
2026-08-29,P019,عطر الأميرة الذهبي 75 مل,عطور نسائية,6,520.0,0
2026-08-30,P019,عطر الأميرة الذهبي 75 مل,عطور نسائية,3,520.0,0
2026-08-31,P019,عطر الأميرة الذهبي 75 مل,عطور نسائية,3,520.0,0
2026-09-01,P019,عطر الأميرة الذهبي 75 مل,عطور نسائية,1,520.0,0
2026-09-02,P019,عطر الأميرة الذهبي 75 مل,عطور نسائية,3,520.0,0
2026-09-03,P019,عطر الأميرة الذهبي 75 مل,عطور نسائية,3,520.0,0
2026-09-04,P019,عطر الأميرة الذهبي 75 مل,عطور نسائية,1,520.0,0
2026-09-05,P019,عطر الأميرة الذهبي 75 مل,عطور نسائية,1,520.0,0
2026-09-06,P019,عطر الأميرة الذهبي 75 مل,عطور نسائية,1,520.0,0
2026-09-07,P019,عطر الأميرة الذهبي 75 مل,عطور نسائية,3,520.0,0
2026-09-08,P019,عطر الأميرة الذهبي 75 مل,عطور نسائية,1,520.0,0
2026-09-09,P019,عطر الأميرة الذهبي 75 مل,عطور نسائية,0,520.0,0
2026-09-10,P019,عطر الأميرة الذهبي 75 مل,عطور نسائية,0,520.0,0
2026-09-11,P019,عطر الأميرة الذهبي 75 مل,عطور نسائية,2,520.0,0
2026-09-12,P019,عطر الأميرة الذهبي 75 مل,عطور نسائية,2,520.0,0
2026-03-17,P020,مسك الطهارة 30 مل,مسك,1,65.0,0
2026-03-18,P020,مسك الطهارة 30 مل,مسك,1,65.0,0
2026-03-19,P020,مسك الطهارة 30 مل,مسك,3,65.0,0
2026-03-20,P020,مسك الطهارة 30 مل,مسك,3,65.0,0
2026-03-21,P020,مسك الطهارة 30 مل,مسك,3,65.0,0
2026-03-22,P020,مسك الطهارة 30 مل,مسك,0,65.0,0
2026-03-23,P020,مسك الطهارة 30 مل,مسك,3,65.0,0
2026-03-24,P020,مسك الطهارة 30 مل,مسك,1,65.0,0
2026-03-25,P020,مسك الطهارة 30 مل,مسك,4,65.0,0
2026-03-26,P020,مسك الطهارة 30 مل,مسك,1,65.0,0
2026-03-27,P020,مسك الطهارة 30 مل,مسك,0,65.0,0
2026-03-28,P020,مسك الطهارة 30 مل,مسك,4,65.0,0
2026-03-29,P020,مسك الطهارة 30 مل,مسك,6,65.0,0
2026-03-30,P020,مسك الطهارة 30 مل,مسك,4,65.0,0
2026-03-31,P020,مسك الطهارة 30 مل,مسك,4,65.0,0
2026-04-01,P020,مسك الطهارة 30 مل,مسك,7,65.0,0
2026-04-02,P020,مسك الطهارة 30 مل,مسك,5,65.0,0
2026-04-03,P020,مسك الطهارة 30 مل,مسك,3,65.0,0
2026-04-04,P020,مسك الطهارة 30 مل,مسك,5,65.0,0
2026-04-05,P020,مسك الطهارة 30 مل,مسك,3,65.0,0
2026-04-06,P020,مسك الطهارة 30 مل,مسك,3,65.0,0
2026-04-07,P020,مسك الطهارة 30 مل,مسك,3,65.0,0
2026-04-08,P020,مسك الطهارة 30 مل,مسك,3,65.0,0
2026-04-09,P020,مسك الطهارة 30 مل,مسك,4,65.0,0
2026-04-10,P020,مسك الطهارة 30 مل,مسك,5,65.0,0
2026-04-11,P020,مسك الطهارة 30 مل,مسك,3,65.0,0
2026-04-12,P020,مسك الطهارة 30 مل,مسك,2,65.0,0
2026-04-13,P020,مسك الطهارة 30 مل,مسك,3,65.0,0
2026-04-14,P020,مسك الطهارة 30 مل,مسك,5,65.0,0
2026-04-15,P020,مسك الطهارة 30 مل,مسك,4,65.0,0
2026-04-16,P020,مسك الطهارة 30 مل,مسك,5,65.0,0
2026-04-17,P020,مسك الطهارة 30 مل,مسك,2,65.0,0
2026-04-18,P020,مسك الطهارة 30 مل,مسك,8,65.0,0
2026-04-19,P020,مسك الطهارة 30 مل,مسك,4,65.0,0
2026-04-20,P020,مسك الطهارة 30 مل,مسك,5,65.0,0
2026-04-21,P020,مسك الطهارة 30 مل,مسك,5,65.0,0
2026-04-22,P020,مسك الطهارة 30 مل,مسك,2,65.0,0
2026-04-23,P020,مسك الطهارة 30 مل,مسك,7,65.0,0
2026-04-24,P020,مسك الطهارة 30 مل,مسك,3,65.0,0
2026-04-25,P020,مسك الطهارة 30 مل,مسك,2,65.0,0
2026-04-26,P020,مسك الطهارة 30 مل,مسك,2,65.0,0
2026-04-27,P020,مسك الطهارة 30 مل,مسك,4,65.0,0
2026-04-28,P020,مسك الطهارة 30 مل,مسك,2,65.0,0
2026-04-29,P020,مسك الطهارة 30 مل,مسك,4,65.0,0
2026-04-30,P020,مسك الطهارة 30 مل,مسك,2,65.0,0
2026-05-01,P020,مسك الطهارة 30 مل,مسك,4,65.0,0
2026-05-02,P020,مسك الطهارة 30 مل,مسك,2,65.0,0
2026-05-03,P020,مسك الطهارة 30 مل,مسك,3,65.0,0
2026-05-04,P020,مسك الطهارة 30 مل,مسك,0,65.0,0
2026-05-05,P020,مسك الطهارة 30 مل,مسك,4,65.0,0
2026-05-06,P020,مسك الطهارة 30 مل,مسك,4,65.0,0
2026-05-07,P020,مسك الطهارة 30 مل,مسك,3,65.0,0
2026-05-08,P020,مسك الطهارة 30 مل,مسك,3,65.0,0
2026-05-09,P020,مسك الطهارة 30 مل,مسك,5,65.0,0
2026-05-10,P020,مسك الطهارة 30 مل,مسك,6,65.0,0
2026-05-11,P020,مسك الطهارة 30 مل,مسك,1,65.0,0
2026-05-12,P020,مسك الطهارة 30 مل,مسك,1,65.0,0
2026-05-13,P020,مسك الطهارة 30 مل,مسك,1,65.0,0
2026-05-14,P020,مسك الطهارة 30 مل,مسك,2,65.0,0
2026-05-15,P020,مسك الطهارة 30 مل,مسك,3,65.0,0
2026-05-16,P020,مسك الطهارة 30 مل,مسك,1,65.0,0
2026-05-17,P020,مسك الطهارة 30 مل,مسك,6,65.0,0
2026-05-18,P020,مسك الطهارة 30 مل,مسك,2,65.0,0
2026-05-19,P020,مسك الطهارة 30 مل,مسك,2,65.0,0
2026-05-20,P020,مسك الطهارة 30 مل,مسك,5,65.0,0
2026-05-21,P020,مسك الطهارة 30 مل,مسك,4,65.0,0
2026-05-22,P020,مسك الطهارة 30 مل,مسك,4,65.0,0
2026-05-23,P020,مسك الطهارة 30 مل,مسك,3,65.0,0
2026-05-24,P020,مسك الطهارة 30 مل,مسك,10,65.0,0
2026-05-25,P020,مسك الطهارة 30 مل,مسك,4,65.0,0
2026-05-26,P020,مسك الطهارة 30 مل,مسك,4,65.0,0
2026-05-27,P020,مسك الطهارة 30 مل,مسك,5,65.0,0
2026-05-28,P020,مسك الطهارة 30 مل,مسك,2,65.0,0
2026-05-29,P020,مسك الطهارة 30 مل,مسك,3,65.0,0
2026-05-30,P020,مسك الطهارة 30 مل,مسك,3,65.0,0
2026-05-31,P020,مسك الطهارة 30 مل,مسك,3,65.0,0
2026-06-01,P020,مسك الطهارة 30 مل,مسك,4,65.0,0
2026-06-02,P020,مسك الطهارة 30 مل,مسك,3,65.0,0
2026-06-03,P020,مسك الطهارة 30 مل,مسك,3,65.0,0
2026-06-04,P020,مسك الطهارة 30 مل,مسك,8,65.0,0
2026-06-05,P020,مسك الطهارة 30 مل,مسك,2,65.0,0
2026-06-06,P020,مسك الطهارة 30 مل,مسك,8,65.0,0
2026-06-07,P020,مسك الطهارة 30 مل,مسك,7,65.0,0
2026-06-08,P020,مسك الطهارة 30 مل,مسك,1,65.0,0
2026-06-09,P020,مسك الطهارة 30 مل,مسك,1,65.0,0
2026-06-10,P020,مسك الطهارة 30 مل,مسك,3,65.0,0
2026-06-11,P020,مسك الطهارة 30 مل,مسك,6,65.0,0
2026-06-12,P020,مسك الطهارة 30 مل,مسك,5,52.18,1
2026-06-13,P020,مسك الطهارة 30 مل,مسك,6,52.18,1
2026-06-14,P020,مسك الطهارة 30 مل,مسك,2,52.18,1
2026-06-15,P020,مسك الطهارة 30 مل,مسك,5,52.18,1
2026-06-16,P020,مسك الطهارة 30 مل,مسك,4,52.18,1
2026-06-17,P020,مسك الطهارة 30 مل,مسك,7,52.18,1
2026-06-18,P020,مسك الطهارة 30 مل,مسك,10,52.18,1
2026-06-19,P020,مسك الطهارة 30 مل,مسك,5,65.0,0
2026-06-20,P020,مسك الطهارة 30 مل,مسك,5,65.0,0
2026-06-21,P020,مسك الطهارة 30 مل,مسك,2,65.0,0
2026-06-22,P020,مسك الطهارة 30 مل,مسك,7,65.0,0
2026-06-23,P020,مسك الطهارة 30 مل,مسك,3,65.0,0
2026-06-24,P020,مسك الطهارة 30 مل,مسك,4,65.0,0
2026-06-25,P020,مسك الطهارة 30 مل,مسك,0,65.0,0
2026-06-26,P020,مسك الطهارة 30 مل,مسك,2,65.0,0
2026-06-27,P020,مسك الطهارة 30 مل,مسك,3,65.0,0
2026-06-28,P020,مسك الطهارة 30 مل,مسك,3,65.0,0
2026-06-29,P020,مسك الطهارة 30 مل,مسك,4,65.0,0
2026-06-30,P020,مسك الطهارة 30 مل,مسك,4,65.0,0
2026-07-01,P020,مسك الطهارة 30 مل,مسك,3,65.0,0
2026-07-02,P020,مسك الطهارة 30 مل,مسك,1,65.0,0
2026-07-03,P020,مسك الطهارة 30 مل,مسك,4,65.0,0
2026-07-04,P020,مسك الطهارة 30 مل,مسك,5,65.0,0
2026-07-05,P020,مسك الطهارة 30 مل,مسك,5,65.0,0
2026-07-06,P020,مسك الطهارة 30 مل,مسك,4,65.0,0
2026-07-07,P020,مسك الطهارة 30 مل,مسك,2,65.0,0
2026-07-08,P020,مسك الطهارة 30 مل,مسك,5,65.0,0
2026-07-09,P020,مسك الطهارة 30 مل,مسك,10,52.18,1
2026-07-10,P020,مسك الطهارة 30 مل,مسك,6,52.18,1
2026-07-11,P020,مسك الطهارة 30 مل,مسك,3,65.0,0
2026-07-12,P020,مسك الطهارة 30 مل,مسك,8,65.0,0
2026-07-13,P020,مسك الطهارة 30 مل,مسك,8,52.18,1
2026-07-14,P020,مسك الطهارة 30 مل,مسك,6,52.18,1
2026-07-15,P020,مسك الطهارة 30 مل,مسك,3,65.0,0
2026-07-16,P020,مسك الطهارة 30 مل,مسك,3,65.0,0
2026-07-17,P020,مسك الطهارة 30 مل,مسك,7,65.0,0
2026-07-18,P020,مسك الطهارة 30 مل,مسك,2,65.0,0
2026-07-19,P020,مسك الطهارة 30 مل,مسك,5,65.0,0
2026-07-20,P020,مسك الطهارة 30 مل,مسك,3,65.0,0
2026-07-21,P020,مسك الطهارة 30 مل,مسك,4,65.0,0
2026-07-22,P020,مسك الطهارة 30 مل,مسك,2,65.0,0
2026-07-23,P020,مسك الطهارة 30 مل,مسك,7,65.0,0
2026-07-24,P020,مسك الطهارة 30 مل,مسك,7,65.0,0
2026-07-25,P020,مسك الطهارة 30 مل,مسك,6,65.0,0
2026-07-26,P020,مسك الطهارة 30 مل,مسك,7,65.0,0
2026-07-27,P020,مسك الطهارة 30 مل,مسك,4,65.0,0
2026-07-28,P020,مسك الطهارة 30 مل,مسك,1,65.0,0
2026-07-29,P020,مسك الطهارة 30 مل,مسك,0,65.0,0
2026-07-30,P020,مسك الطهارة 30 مل,مسك,3,65.0,0
2026-07-31,P020,مسك الطهارة 30 مل,مسك,0,65.0,0
2026-08-01,P020,مسك الطهارة 30 مل,مسك,4,65.0,0
2026-08-02,P020,مسك الطهارة 30 مل,مسك,6,65.0,0
2026-08-03,P020,مسك الطهارة 30 مل,مسك,3,65.0,0
2026-08-04,P020,مسك الطهارة 30 مل,مسك,2,65.0,0
2026-08-05,P020,مسك الطهارة 30 مل,مسك,4,65.0,0
2026-08-06,P020,مسك الطهارة 30 مل,مسك,2,65.0,0
2026-08-07,P020,مسك الطهارة 30 مل,مسك,11,65.0,0
2026-08-08,P020,مسك الطهارة 30 مل,مسك,3,65.0,0
2026-08-09,P020,مسك الطهارة 30 مل,مسك,1,65.0,0
2026-08-10,P020,مسك الطهارة 30 مل,مسك,3,65.0,0
2026-08-11,P020,مسك الطهارة 30 مل,مسك,1,65.0,0
2026-08-12,P020,مسك الطهارة 30 مل,مسك,5,65.0,0
2026-08-13,P020,مسك الطهارة 30 مل,مسك,8,65.0,0
2026-08-14,P020,مسك الطهارة 30 مل,مسك,5,65.0,0
2026-08-15,P020,مسك الطهارة 30 مل,مسك,5,65.0,0
2026-08-16,P020,مسك الطهارة 30 مل,مسك,2,65.0,0
2026-08-17,P020,مسك الطهارة 30 مل,مسك,5,65.0,0
2026-08-18,P020,مسك الطهارة 30 مل,مسك,3,65.0,0
2026-08-19,P020,مسك الطهارة 30 مل,مسك,2,65.0,0
2026-08-20,P020,مسك الطهارة 30 مل,مسك,2,65.0,0
2026-08-21,P020,مسك الطهارة 30 مل,مسك,0,65.0,0
2026-08-22,P020,مسك الطهارة 30 مل,مسك,5,65.0,0
2026-08-23,P020,مسك الطهارة 30 مل,مسك,9,65.0,0
2026-08-24,P020,مسك الطهارة 30 مل,مسك,5,65.0,0
2026-08-25,P020,مسك الطهارة 30 مل,مسك,6,65.0,0
2026-08-26,P020,مسك الطهارة 30 مل,مسك,5,65.0,0
2026-08-27,P020,مسك الطهارة 30 مل,مسك,4,65.0,0
2026-08-28,P020,مسك الطهارة 30 مل,مسك,6,65.0,0
2026-08-29,P020,مسك الطهارة 30 مل,مسك,1,65.0,0
2026-08-30,P020,مسك الطهارة 30 مل,مسك,3,65.0,0
2026-08-31,P020,مسك الطهارة 30 مل,مسك,4,65.0,0
2026-09-01,P020,مسك الطهارة 30 مل,مسك,0,65.0,0
2026-09-02,P020,مسك الطهارة 30 مل,مسك,2,65.0,0
2026-09-03,P020,مسك الطهارة 30 مل,مسك,5,65.0,0
2026-09-04,P020,مسك الطهارة 30 مل,مسك,4,65.0,0
2026-09-05,P020,مسك الطهارة 30 مل,مسك,3,65.0,0
2026-09-06,P020,مسك الطهارة 30 مل,مسك,1,65.0,0
2026-09-07,P020,مسك الطهارة 30 مل,مسك,3,65.0,0
2026-09-08,P020,مسك الطهارة 30 مل,مسك,3,65.0,0
2026-09-09,P020,مسك الطهارة 30 مل,مسك,4,65.0,0
2026-09-10,P020,مسك الطهارة 30 مل,مسك,3,65.0,0
2026-09-11,P020,مسك الطهارة 30 مل,مسك,6,65.0,0
2026-09-12,P020,مسك الطهارة 30 مل,مسك,3,65.0,0
